time,test_data,Category,URL,prediction
2023.11.23,[따져보니] 오픈AI 사태…'기술-규제' 전쟁?,TV조선,https://n.news.naver.com/article/448/0000437297,거짓
2023.11.23,[팩트체크] 소방관이 지급받는 간병료가 간병인 일당도 안된다?,이데일리,https://n.news.naver.com/article/018/0005625128,거짓
2023.11.22,[따져보니] 구급차 출동 요청…어디까지 허용?,TV조선,https://n.news.naver.com/article/448/0000437095,거짓
2023.11.22,"[사실은] ""사이렌 오더는 취소 안 돼요""…문제 없나 보니",SBS,https://n.news.naver.com/article/055/0001107818,사실
2023.11.22,"""서울 편입 찬성 2배 늘었다?"" 김포시 여론조사의 함정 [오마이팩트]",오마이뉴스,https://n.news.naver.com/article/047/0002413399,사실
2023.11.22,"[사실은] 스타벅스 ""주문 취소 안 된다""…규정 알아보니",SBS,https://n.news.naver.com/article/055/0001107789,거짓
2023.11.21,‘소변→모발→손톱’ 검사 음성이면 결백? “신종마약 투약 가능성도”,한겨레,https://n.news.naver.com/article/028/0002665472,사실
2023.11.21,"[팩트체크] 무알코올, 비알코올 맥주 마시고 운전하면 음주운전?",YTN,https://factcheck.snu.ac.kr/,거짓
2023.11.21,[팩트체크] 고수익 재택 아르바이트의 실체,YTN,https://n.news.naver.com/article/052/0001962630,거짓
2023.11.21,[따져보니] 행정망 마비 사태…근본 원인은?,TV조선,https://n.news.naver.com/article/052/0001962629,거짓
2023.11.20,[따져보니] 33년 만의 '초 엔저'…우리 수출 괜찮나?,TV조선,https://n.news.naver.com/article/437/0000367801,논란
2023.11.19,"[따져보니] 소비자 우롱하는 '꼼수 인상', 막는 해법은",TV조선,https://n.news.naver.com/article/448/0000436754,거짓
2023.11.18,컴퓨터 옆에 둔 선인장…전자파 차단 효과 없다? [노컷체크],노컷뉴스,https://n.news.naver.com/article/448/0000436695,사실
2023.11.17,[따져보니] 위성정당 방지법…'꼼수' 막을까?,TV조선,https://n.news.naver.com/article/079/0003835001,거짓
2023.11.17,"""박정희 생일을 국가기념일로?"" 다른 나라 사례 살펴보니 [오마이팩트]",오마이뉴스,https://n.news.naver.com/article/448/0000436517,거짓
2023.11.16,[팩트체크] '노00존'은 합법?,연합뉴스,https://n.news.naver.com/article/047/0002412957,거짓
2023.11.16,[따져보니] 독감 환자 급증하는데…예방접종 기피 이유는?,TV조선,https://n.news.naver.com/article/001/0014333853,거짓
2023.11.14.,"[따져보니] '수사 검사' 신상 공개, 처벌 가능할까?",TV조선,https://n.news.naver.com/article/469/0000770313,사실
2023.11.14.,"""서울 편입, 김포가 3000억원 손해"" 주장은 '대체로 사실' [오마이팩트]",오마이뉴스,https://n.news.naver.com/article/448/0000436127,논란
2023.11.13.,[따져보니] '눈속임 인상'…제재 가능할까,TV조선,https://n.news.naver.com/article/047/0002412611,사실
2023.11.13.,"""서울 출퇴근 80% 넘어서 '김포구' 편입?"" MB 정부도 반대했는데 [오마이팩트]",오마이뉴스,https://n.news.naver.com/article/448/0000435976,사실
2023.11.12.,"[따져보니] 국회 통과한 노란봉투법, 쟁점은?",TV조선,https://n.news.naver.com/article/047/0002412521,거짓
2023.11.11.,"이젠 배달앱까지 팁 달라고?…""사장님 힘내세요"" 2천 원 [사실은]",SBS,https://n.news.naver.com/article/448/0000435798,사실
2023.11.11.,"[따져보니] 약발 떨어진 '공매도 금지', 일주일 천하?",TV조선,https://n.news.naver.com/article/055/0001105070,거짓
2023.11.10.,[따져보니] 이동관 탄핵안 재상정…여야 다른 해석 이유는?,TV조선,https://n.news.naver.com/article/448/0000435743,거짓
2023.11.10.,[알고보니] '수도 확장' 메가시티가 세계적인 추세?,MBC,https://n.news.naver.com/article/448/0000435682,거짓
2023.11.09.,[따져보니] 늘어나는 로봇 사고…안전 대책은?,TV조선,https://n.news.naver.com/article/214/0001311132,거짓
2023.11.08.,"[따져보니] 尹정부, 주식양도세 완화 추진…왜?",TV조선,https://n.news.naver.com/article/448/0000435547,거짓
2023.11.08.,[사실은] 과거 합친 지역 보니…주민 만족도 좌우한 건?,SBS,https://n.news.naver.com/article/448/0000435337,사실
2023.11.07.,[따져보니] 이-팔 전쟁 한 달…어디로 가나?,TV조선,https://n.news.naver.com/article/055/0001104256,거짓
2023.11.07.,"[팩트체크] 알바생 능력으로 일찍 끝난 업무, 나머지 시급도 줘야 하나?",YTN,https://n.news.naver.com/article/021/0002603619,거짓
2023.11.07.,[팩트체크] 정부의 마약과의 전쟁은 어떻게 진행되고 있나?,YTN,https://n.news.naver.com/article/052/0001956546,사실
2023.11.06.,"[따져보니] 마약 검출, 어디까지 가능할까?",TV조선,https://n.news.naver.com/article/052/0001956545,사실
2023.11.06.,[알고보니] 중대재해처벌법이 기업 위협한다?,MBC,https://n.news.naver.com/article/448/0000434991,거짓
2023.11.05.,"[따져보니] '종노릇''갑질' 은행권 잇단 압박, 이유는?",TV조선,https://n.news.naver.com/article/057/0001778854,거짓
2023.11.04.,"[따져보니] 커지는 '빈대 포비아'…""유럽·동남아 등 각지서 유입""",TV조선,https://n.news.naver.com/article/448/0000434789,거짓
2023.11.04.,중대재해처벌법 '찬성한다 80%' vs '준비 안됐다 80%'…누구 말이 맞나[노컷체크],노컷뉴스,https://n.news.naver.com/article/448/0000434735,사실
2023.11.03.,"[따져보니] 입국 퇴짜에 뿔난 태국인, 왜?",TV조선,https://n.news.naver.com/article/079/0003830137,거짓
2023.11.02.,[사실은] 후쿠시마 오염수 3차 방류 시작…생선회 매출은,SBS,https://n.news.naver.com/article/448/0000434687,거짓
2023.11.02.,[따져보니] 지하철 '의자 없는 칸'…혼잡도 낮출까,TV조선,https://n.news.naver.com/article/055/0001102739,거짓
2023.11.01.,[따져보니] '北목선 귀순'…軍 포상 논란,TV조선,https://n.news.naver.com/article/421/0007148618,사실
2023.10.31.,[따져보니] 서울시 김포구…실현 가능성은?,TV조선,https://n.news.naver.com/article/437/0000365480,사실
2023.10.30.,"[따져보니] 공매도 다시 전면금지?…""원점서 재검토""",TV조선,https://n.news.naver.com/article/056/0011592793,거짓
2023.10.30.,[팩트체크]내년부터 인공눈물 가격이 4만 원이 된다?,이데일리,https://n.news.naver.com/article/448/0000433945,논란
2023.10.29.,"[팩트와이] ""조중동 인터넷 기사도 방심위가 심의""...신문사가 응할까?",YTN,https://n.news.naver.com/article/018/0005607321,거짓
2023.10.29.,[따져보니] 갑작스런 '거래절벽'…서울 아파트에 무슨 일이?,TV조선,https://n.news.naver.com/article/052/0001953045,거짓
2023.10.29.,"[팩트와이] ""조중동 인터넷 기사도 방심위가 심의""...신문사가 응할까?",YTN,https://n.news.naver.com/article/448/0000433756,거짓
2023.10.28.,"[알고보니] 이태원 참사의 진상, 대부분 규명됐다?",MBC,https://n.news.naver.com/article/052/0001952935,거짓
2023.10.28.,[따져보니] '연금부족' 심각한데 '맹탕 개혁안'…공은 국회로?,TV조선,https://n.news.naver.com/article/214/0001308247,거짓
2023.10.28.,"[팩트와이] ""김승희 딸, 학폭위 끝나 강제전학 어렵다""...임태희 교육감 발언 따져보니",YTN,https://n.news.naver.com/article/448/0000433694,거짓
2023.10.27.,[따져보니] 불상 반환 판결 의미는?,TV조선,https://n.news.naver.com/article/052/0001952678,거짓
2023.10.27.,"""개원 의사가 7급 공무원보다 못 번다?"" 주장은 '거짓' [오마이팩트]",오마이뉴스,https://n.news.naver.com/article/057/0001777059,거짓
2023.10.26.,[따져보니] 국회의원 허위 발언…'면책' 어디까지?,TV조선,https://n.news.naver.com/article/047/0002410803,논란
2023.10.25.,[따져보니] 고위험 성범죄자 시설 거주…논란은?,TV조선,https://n.news.naver.com/article/057/0001776712,거짓
2023.10.24.,[따져보니] 늘어나는 北 주민 귀순…배경은?,TV조선,https://n.news.naver.com/article/009/0005204610,거짓
2023.10.23.,"[팩트체크] 슈퍼챗을 통한 정치인 후원, 정치자금법 위반이다?",YTN,https://n.news.naver.com/article/448/0000433109,거짓
2023.10.23.,[팩트체크] 반려동물 기내 탑승에 관한 규정은?,YTN,https://n.news.naver.com/article/052/0001950730,거짓
2023.10.23.,[팩트체크] 세금 안 내고 버티면 결국은 안 내도 되는 걸까?,YTN,https://n.news.naver.com/article/052/0001950729,사실
2023.10.23.,[따져보니] 여론조사 '들쭉날쭉'…이유는?,TV조선,https://n.news.naver.com/article/052/0001950728,거짓
2023.10.22.,"[따져보니] 마약사범, 공범 실토하면 '처벌 감형' 검토…효과 있을까",TV조선,https://n.news.naver.com/article/437/0000364298,논란
2023.10.21.,"[사실은] 한국형 아우토반 논쟁…속도 무제한, 안전할까",SBS,https://n.news.naver.com/article/448/0000432752,거짓
2023.10.21.,[따져보니] 국립대병원 인력난…지역·필수의료 유입 어떻게?,TV조선,https://n.news.naver.com/article/055/0001099275,거짓
2023.10.20.,[따져보니] '빈대주의보' 왜?… 퇴치 어떻게?,TV조선,https://n.news.naver.com/article/448/0000432694,거짓
2023.10.19.,[따져보니] 가자지구 병원 폭발…누구 소행?,TV조선,https://n.news.naver.com/article/448/0000432649,거짓
2023.10.18.,[따져보니] '전문직 증원'…소비자에겐 이득?,TV조선,https://n.news.naver.com/article/448/0000432465,거짓
2023.10.18.,[알고보니] 의대 증원 안해도 의사 남아돌게 된다?,MBC,https://n.news.naver.com/article/437/0000363717,거짓
2023.10.18.,"의대 정원 확대, <조선> 3년 전과 이렇게 달라졌다 [오마이팩트]",오마이뉴스,https://n.news.naver.com/article/214/0001306087,사실
2023.10.18.,[팩트체크] 쉬는 인구와 고령 취업자가 고용지표 호조에 영향을 줬다?,이데일리,https://n.news.naver.com/article/047/0002409862,거짓
2023.10.17.,"[따져보니] 북한 무기와 기술, 하마스로…거래 경로는?",TV조선,https://n.news.naver.com/article/018/0005598778,거짓
2023.10.16.,[따져보니] 의대 정원 논란…의사 부족 얼마나?,TV조선,https://n.news.naver.com/article/448/0000432082,사실
2023.10.15.,[따져보니] 끝이 안 보이는 고금리 시대…美 연준 '2% 물가 목표'는 불변?,TV조선,https://n.news.naver.com/article/448/0000431901,거짓
2023.10.14.,갈비 사자' 또 있다?…동물원에서 죽어가는 멸종 위기 동물 한 해에 400마리 꼴[노컷체크],노컷뉴스,https://n.news.naver.com/article/448/0000431751,거짓
2023.10.13.,[따져보니] 유명인 사칭 투자광고…막을 방법이 없다?,TV조선,https://n.news.naver.com/article/079/0003822876,거짓
2023.10.12.,"[따져보니] '이-팔 전쟁' SNS 가짜정보 범람, 왜?",TV조선,https://n.news.naver.com/article/448/0000431606,거짓
2023.10.12.,[사실은] '압도적 군사력' 이스라엘…전쟁의 향방은?,SBS,https://n.news.naver.com/article/448/0000431448,거짓
2023.10.11.,"[따져보니] '김행 방지법'까지…청문회 무용론, 왜?",TV조선,https://n.news.naver.com/article/055/0001096820,거짓
2023.10.11.,"닭장에 갇힌 이스라엘 어린이? ""전쟁 전 촬영, 거짓 영상"" [오마이팩트]",오마이뉴스,https://n.news.naver.com/article/448/0000431263,거짓
2023.10.09.,[따져보니] 하마스 '극단적 공격'…배경과 이유는?,TV조선,https://n.news.naver.com/article/277/0005324525,거짓
2023.10.08.,"[팩트체크] 맨발 걷기, 정말로 건강에 효과 있을까?",YTN,https://n.news.naver.com/article/448/0000430899,논란
2023.10.08.,[팩트체크] 우리나라 골프장 숫자가 세계 8위라고?,YTN,https://n.news.naver.com/article/052/0001944555,논란
2023.10.08.,"[팩트체크] '효도백신 3종세트', 정말 효도 선물일까?",YTN,https://n.news.naver.com/article/052/0001944553,거짓
2023.10.07.,"北, 축구 중계에 등장한 '괴뢰'…우리나라 법에도 있다?[노컷체크]",노컷뉴스,https://n.news.naver.com/article/052/0001944552,거짓
2023.10.06.,"[사실은] ""후쿠시마산 수산물 659톤 수입""…확인해보니",SBS,https://n.news.naver.com/article/079/0003820519,거짓
2023.10.06.,"윤석열 검찰'도 인정했는데, ""블랙리스트 없었다""는 유인촌 [오마이팩트]",오마이뉴스,https://n.news.naver.com/article/057/0001772676,거짓
2023.10.04.,[따져보니] 남은 사형수 59명…집행 논란,TV조선,https://n.news.naver.com/article/437/0000361862,사실
2023.10.03.,[따져보니] 중국 응원 90%…여론 조작? 과민 반응?,TV조선,https://n.news.naver.com/article/009/0005194117,거짓
2023.10.02.,"[따져보니] 이재명 압수수색 공방…민주당 ""확인된 것만 376회"" vs 檢 ""36회 뿐""",TV조선,https://n.news.naver.com/article/448/0000430158,사실
2023.09.30.,임시공휴일에 모든 직장인이 쉴 수 없는 이유는?[노컷체크],노컷뉴스,https://n.news.naver.com/article/448/0000430032,거짓
2023.09.30.,[팩트체크] 약국에 약이 부족해 약사들끼리 품앗이를 한다?,연합뉴스,https://n.news.naver.com/article/079/0003818233,논란
2023.09.29.,日'수입금지' 지역서 만들었지만 '수산가공품'은 안전하다?[노컷체크],노컷뉴스,https://n.news.naver.com/article/001/0014229478,거짓
2023.09.28.,"수입금지 지역' 日수산물, 가공품으로 국내 수입됐을까[노컷체크]",노컷뉴스,https://n.news.naver.com/article/079/0003818073,거짓
2023.09.28.,[팩트체크] 일본군 장교 친일행위 판정기준은 독립군 토벌이다?,연합뉴스,https://n.news.naver.com/article/079/0003817906,거짓
2023.09.27.,[팩트체크] 아이폰15 한국 출시 가격은 하락한 환율이 반영 안 됐다?,이데일리,https://n.news.naver.com/article/001/0014226631,논란
2023.09.25.,"[팩트체크] 119 구급차, 내가 원하는 병원으로 이송 요구할 수 있다?",YTN,https://n.news.naver.com/article/018/0005585410,거짓
2023.09.25.,[팩트체크] 국내 지방 공항은 비행기 대신 파리 날린다?,YTN,https://n.news.naver.com/article/052/0001940465,거짓
2023.09.25.,[팩트체크] 탕후루가 카페 음료보다 칼로리가 낮다고?,YTN,https://n.news.naver.com/article/052/0001940464,거짓
2023.09.24.,[팩트와이] '적자·부채' 주식은 '백지신탁' 불가능?...김행 해명 따져보니,YTN,https://n.news.naver.com/article/057/0001770804,거짓
2023.09.23.,"화려하지 않은 버섯'은 독 없다?…""수수해도 치명"" 야생 버섯 주의[노컷체크]",노컷뉴스,https://n.news.naver.com/article/052/0001939769,거짓
2023.09.22.,"[사실은] ""망고 없네"" 65억 소송…한국 스타벅스 어떨까",SBS,https://n.news.naver.com/article/079/0003815944,거짓
2023.09.22.,[팩트체크] R&D 투자 규모가 3% 대가 된 건 드문 일?,이데일리,https://n.news.naver.com/article/055/0001091990,사실
2023.09.22.,"""개식용금지법=김건희법, 동물보호단체 먼저 사용"", 거짓 [오마이팩트]",오마이뉴스,https://n.news.naver.com/article/018/0005581529,사실
2023.09.21.,세슘 우럭' '방사능 쥐노래미' 나오는데... 삼중수소 인체 농축 안된다? [오마이팩트],오마이뉴스,https://n.news.naver.com/article/021/0002595504,거짓
2023.09.21.,커피-바나나 괴담 들고나온 윤석열 정부의 오염수 대처 수준 [오마이팩트],오마이뉴스,https://n.news.naver.com/article/047/0002407147,거짓
2023.09.20.,"[따져보니] 윤미향, 뒤집힌 항소심 판결…이유는?",TV조선,https://n.news.naver.com/article/047/0002407146,거짓
2023.09.20.,[알고보니] 해외도 언론사 상대로 가짜뉴스 단속 강화 중?,MBC,https://n.news.naver.com/article/448/0000428616,거짓
2023.09.20.,"[사실은] 중심에 일본, 한국은 '빙빙' 위성국가? 홈피 이미지, 외교부에 물어봤더니…",SBS,https://n.news.naver.com/article/214/0001301205,사실
2023.09.19.,[따져보니] 국감 전 출판기념회 '봇물'…법 개정 손 놓은 국회,TV조선,https://n.news.naver.com/article/021/0002595251,거짓
2023.09.18.,[따져보니] 정책 발표 때마다 '출렁'…이유는 외압?,TV조선,https://n.news.naver.com/article/021/0002595031,거짓
2023.09.18.,"[사실은] 초밥 먹기 전 ""잠시만요""…방사능 측정기 효과는",SBS,https://n.news.naver.com/article/448/0000428274,거짓
2023.09.17.,[따져보니] 퇴임 앞두고 '최강욱 재판' 연 김명수 속내는?,TV조선,https://n.news.naver.com/article/057/0001769290,거짓
2023.09.16.,[따져보니] '50년 주담대' 사라지나…달라지는 대출 어떻게?,TV조선,https://n.news.naver.com/article/057/0001768973,논란
2023.09.15.,[따져보니] 파업 쟁점은 '수서행 KTX'…노조 노림수는?,TV조선,https://n.news.naver.com/article/448/0000428022,사실
2023.09.15.,[팩트체크] 동물원이 '동물 감옥'인가…학대해도 처벌 규정 없다?,연합뉴스,https://n.news.naver.com/article/448/0000427954,사실
2023.09.14.,[따져보니] 스토킹법 강화됐지만…보완할 점은?,TV조선,https://n.news.naver.com/article/001/0014194564,거짓
2023.09.13.,"[따져보니] 주식 백지신탁…실효성 논란, 왜?",TV조선,https://n.news.naver.com/article/448/0000427785,논란
2023.09.12.,[따져보니] 도넘은 부정채용…처벌법이 없다?,TV조선,https://n.news.naver.com/article/448/0000427597,거짓
2023.09.11.,"[따져보니] 모로코 지진, 튀르키예 때와 다르다…""한국도 안심 못 해""",TV조선,https://n.news.naver.com/article/009/0005185409,거짓
2023.09.09.,[따져보니] 경기 '상저하저'?…L자형 장기 저성장 현실화 하나,TV조선,https://n.news.naver.com/article/448/0000427225,거짓
2023.09.09.,"최초 '길냥이 보호조례' 제정 가능할까?…'중성화 수술, 급식소 설치'[노컷체크]",노컷뉴스,https://n.news.naver.com/article/448/0000426990,사실
2023.09.09.,[팩트체크] '자유시 참변'은 일본의 사주로 일어났다?,연합뉴스,https://n.news.naver.com/article/079/0003810890,거짓
2023.09.08.,[따져보니] 교권보호법 여야 공방…현장 목소리는?,TV조선,https://n.news.naver.com/article/001/0014181512,거짓
2023.09.08.,[팩트체크] 초등학생 수학여행시 일반 전세버스는 안된다?,YTN,https://n.news.naver.com/article/448/0000426911,사실
2023.09.08.,[팩트체크] 우리나라에서 팁을 주고 받는 건 법 위반이다?,YTN,https://n.news.naver.com/article/052/0001933441,논란
2023.09.08.,[팩트체크] 우리나라에서 가장 나이가 많은 연령대는?,YTN,https://n.news.naver.com/article/052/0001933440,거짓
2023.09.08.,[팩트체크]20년대 공산당은 북한 수립 공산당과 다르게 봐야 한다?,이데일리,https://n.news.naver.com/article/052/0001933439,거짓
2023.09.07.,뉴스타파 논란에 이재명 페북글 삭제? 알고보니... [오마이팩트],오마이뉴스,https://n.news.naver.com/article/018/0005570645,사실
2023.09.06.,[따져보니] 서로 절실한 북러…뭘 주고 받나,TV조선,https://n.news.naver.com/article/047/0002405546,거짓
2023.09.05.,"[따져보니] 조총련은 어떤 단체?…""약간 친북성향"" vs ""북한 대표부""",TV조선,https://n.news.naver.com/article/057/0001766774,거짓
2023.09.04.,"[따져보니] 교육부, 공언한 대로 교사 대규모 징계 나설까",TV조선,https://n.news.naver.com/article/022/0003852395,거짓
2023.09.03.,"[따져보니] '추락, 또 추락' 바닥 안 보이는 출산율, 어디까지?",TV조선,https://n.news.naver.com/article/448/0000426195,사실
2023.09.02.,[따져보니] 규제에 꺾인 비대면 진료…소비자 선택권은?,TV조선,https://n.news.naver.com/article/448/0000426021,거짓
2023.09.02.,"[사실은] ""홍범도 논란의 핵심, 역사의 소급 적용""",SBS,https://n.news.naver.com/article/448/0000425957,거짓
2023.09.02.,尹정권에서도 예우하던 홍범도 장군 흉상 이전…갑자기 왜?[노컷체크],노컷뉴스,https://n.news.naver.com/article/055/0001086515,거짓
2023.09.02.,"[팩트와이] ""정권교체 강화에 최선"" 원희룡 발언은 선거법 위반?...과거 사례 따져보니",YTN,https://n.news.naver.com/article/079/0003808316,거짓
2023.09.01.,[따져보니] 오염수 방류 국제소송…실효성은?,TV조선,https://n.news.naver.com/article/052/0001930669,거짓
2023.09.01.,"[알고보니] 일본 정부, 이 와중에 과거사 왜곡‥관동대학살 기록 없다?",MBC,https://n.news.naver.com/article/448/0000425883,논란
2023.09.01.,"""윤, 현직 대통령 노량진수산시장 첫방문"" 대통령실 브리핑은 '거짓' [오마이팩트]",오마이뉴스,https://n.news.naver.com/article/057/0001765898,논란
2023.09.01.,[팩트체크] 과거 어느 정부 때 언론 압박 심했나?,연합뉴스,https://n.news.naver.com/article/047/0002404869,거짓
2023.08.31.,"""홍범도, 자유시 사변 '독립군 몰살' 가담"" 주장은 '거짓' [오마이팩트]",오마이뉴스,https://n.news.naver.com/article/001/0014164708,거짓
2023.08.28.,"[팩트체크] 비키니 오토바이 주행, 공연음란죄 적용 가능한가?",YTN,https://n.news.naver.com/article/009/0005179091,거짓
2023.08.28.,[팩트체크] 이틀 근무한 알바생에게 알바비 3백만원 지급했다?,YTN,https://n.news.naver.com/article/052/0001928589,거짓
2023.08.28.,"[팩트체크] 경찰의 불심검문, 반드시 응해야 하나?",YTN,https://n.news.naver.com/article/052/0001928588,거짓
2023.08.26.,"[사실은] 후쿠시마 오염수 '30년' 방류 계획, 따져 보니…",SBS,https://n.news.naver.com/article/469/0000757074,거짓
2023.08.25.,[팩트체크] 핵 과학자들이 말하는 오염수 '안전에 문제없어'vs'日本도 모르는 걸?',YTN,https://n.news.naver.com/article/057/0001764510,거짓
2023.08.25.,"""검수완박 때문에 지구대 인력 부족"" 국힘 주장은 '거짓' [오마이팩트]",오마이뉴스,https://n.news.naver.com/article/052/0001927607,거짓
2023.08.24.,[팩트체크] 日 오염수 '세슘우럭'에 대한 오해와 진실,YTN,https://n.news.naver.com/article/629/0000234733,거짓
2023.08.24.,[팩트체크] 범죄자 중 정신질환자는 얼마나 될까?,연합뉴스,https://n.news.naver.com/article/052/0001926880,거짓
2023.08.22.,"[알고보니] 여성안심귀갓길, 문구만 써놔 효과 없다?",MBC,https://n.news.naver.com/article/001/0014148509,사실
2023.08.22.,[팩트체크] 여운형 선생·홍범도 장군만 건국훈장 두번 받았다?,연합뉴스,https://n.news.naver.com/article/214/0001294778,사실
2023.08.20.,"잼버리 샤워장 태국인 사건, '성범죄'로 보기 어려운 이유는[팩트체크]",머니투데이,https://n.news.naver.com/article/032/0003243690,거짓
2023.08.19.,"""이미 판매 중인데""…대한상의 '무라벨 생수' 홍보 왜?[노컷체크]",노컷뉴스,https://n.news.naver.com/article/008/0004927207,거짓
2023.08.18.,[팩트체크] “정진석·조현오 사건 서로 다르다” 전주혜 해명…과연?,한겨레,https://n.news.naver.com/article/079/0003803302,거짓
2023.08.17.,"[사실은] 야스쿠니 신사 논란, 한일 모두 수위 낮췄다?",SBS,https://n.news.naver.com/article/009/0005173924,거짓
2023.08.17.,[팩트체크] 파행 잼버리 영지 배수는 과연 문제가 없었을까?,연합뉴스,https://n.news.naver.com/article/055/0001082213,거짓
2023.08.16.,"""극우뇌 아이는 천재과?"" 좌·우뇌인 구분법은 '거짓' [오마이팩트]",오마이뉴스,https://n.news.naver.com/article/001/0014135573,거짓
2023.08.15.,"""반값등록금 때문에 서울시립대 경쟁력 하락"" 국힘 주장 '대체로 거짓' [오마이팩트]",오마이뉴스,https://n.news.naver.com/article/047/0002402886,논란
2023.08.14.,[팩트체크] 새만금 잼버리를 둘러싼 여러 가지 논란들의 팩트체크,YTN,https://n.news.naver.com/article/022/0003845062,거짓
2023.08.13.,"“잼버리 주무책임은 전북도, 여가부는 보조기관?” [팩트체크]",한겨레,https://n.news.naver.com/article/052/0001923018,논란
2023.08.11.,[알고보니] 야영 대신 '관광' 잼버리‥정말 태풍 때문이었나?,MBC,https://n.news.naver.com/article/003/0012027886,거짓
2023.08.11.,[팩트체크] 외국에선 폭염에도 이름을 붙인다?,연합뉴스,https://n.news.naver.com/article/214/0001292672,거짓
2023.08.10.,"""7만원짜리 잼버리 텐트, 25만원에 납품?"" 의혹은 '거짓' [오마이팩트]",오마이뉴스,https://n.news.naver.com/article/001/0014125652,거짓
2023.08.06.,"코로나 6개월만에 다시 5만명대…""마스크, 코로나에 효과 없다?"" [노컷체크]",노컷뉴스,https://n.news.naver.com/article/047/0002402301,논란
2023.08.04.,"[알고보니] 잼버리 온열환자 속출, 어디서나 있는 일?",MBC,https://n.news.naver.com/article/079/0003798845,거짓
2023.08.03.,[사실은] 20~30년 걸리던 게 1년 만에…우리 바다 더 심각,SBS,https://n.news.naver.com/article/214/0001290937,사실
2023.08.01.,[팩트체크] 주요 국가들은 교사의 생활지도권 구체적으로 규정하고 있다?,이데일리,https://n.news.naver.com/article/055/0001078697,사실
2023.08.01.,[팩트체크] 학생인권조례 때문에 교권침해가 늘어났다?,연합뉴스,https://n.news.naver.com/article/009/0005166752,거짓
2023.07.31.,"[팩트체크] ""27만 원 찾아줬는데 사례금 3원 준다고?""",YTN,https://n.news.naver.com/article/001/0014105357,사실
2023.07.31.,"[팩트체크] 실업급여, 부정수급을 가장 많이 한 층은 여성·청년이다?",YTN,https://n.news.naver.com/article/052/0001917131,거짓
2023.07.31.,"[팩트체크] 우리가 참고한 미국의 학생인권조례, 학생의 권리만큼 의무도 강조했다?",YTN,https://n.news.naver.com/article/052/0001917130,논란
2023.07.28.,[알고보니] 학생인권조례 때문에 교권침해 늘었다?,MBC,https://n.news.naver.com/article/081/0003381150,거짓
2023.07.28.,"[사실은] ""학생인권조례 때문에 교권 침해 늘었다"" 따져 보니…",SBS,https://n.news.naver.com/article/417/0000938580,논란
2023.07.25.,"[사실은] ""교사-가해 학생 '즉시 분리'""…외국은 '교사 사생활 보호' 초점",SBS,https://n.news.naver.com/article/055/0001077009,거짓
2023.07.25.,"[사실은] 가해 학생과 피해 교사 '즉시 분리', 외국은 어떻게?",SBS,https://n.news.naver.com/article/055/0001076231,사실
2023.07.22.,"집중호우에 식중독 위험도 높아진다?…""침수 의심 식품 먹으면 안돼""[노컷체크]",노컷뉴스,https://n.news.naver.com/article/629/0000228981,논란
2023.07.21.,"""문 정부가 4대강 보 해체해 충남·전라 물난리"" 주장 '새빨간 거짓' [오마이팩트]",오마이뉴스,https://n.news.naver.com/article/079/0003793951,거짓
2023.07.20.,"[팩트체크] 폭우 중 골프 자제, 국민의힘 윤리강령에 있다?",이데일리,https://n.news.naver.com/article/047/0002400084,사실
2023.07.20.,"[사실은] 한반도 '극한 호우', 50년 동안 ○배 늘었다",SBS,https://n.news.naver.com/article/018/0005534489,논란
2023.07.19.,[알고보니] 오염수 양식 광어로 '안전 인증'?,MBC,https://n.news.naver.com/article/055/0001074826,거짓
2023.07.19.,[팩트체크] 공무원 채용과정에서 합격자의 남녀 성비가 정해져 있다?,YTN,https://n.news.naver.com/article/214/0001287157,거짓
2023.07.19.,[팩트체크] 주민투표로 국가적 사업 결정한 사실이 있다?,YTN,https://n.news.naver.com/article/052/0001912233,거짓
2023.07.19.,"[팩트체크] 살인진드기, 고양이를 만지기한 해도 감염된다?",YTN,https://n.news.naver.com/article/052/0001912232,거짓
2023.07.19.,"""너희 나라로 돌아가!"" 인종차별 광고, 금지 규정 없다? [오마이팩트]",오마이뉴스,https://n.news.naver.com/article/052/0001912231,거짓
2023.07.18.,[팩트체크] 의대 정원 확대하면 의료비가 늘어난다?,연합뉴스,https://n.news.naver.com/article/009/0005160326,거짓
2023.07.16.,"[사실은] ""헝가리 의대, 국시 합격률이 85%"" 따져 보니…",SBS,https://n.news.naver.com/article/032/0003236670,거짓
2023.07.15.,"""SNS에 아이 사진 올렸는데""…정작 '저커버그'는 아이 얼굴 가렸다?[노컷체크]",노컷뉴스,https://n.news.naver.com/article/003/0011975516,거짓
2023.07.14.,"[팩트체크] 베이비박스로 오는 아기, 한국이 유독 많다?",연합뉴스,https://n.news.naver.com/article/079/0003791291,사실
2023.07.12.,"[사실은] ""메시, 이강인 무시한 중국 기자에 일침""…알고 보니",SBS,https://n.news.naver.com/article/629/0000227418,거짓
2023.07.12.,"""인민군복 입고 윤석열 퇴진 촛불?"" <조선> 보도 '거짓' [오마이팩트]",오마이뉴스,https://n.news.naver.com/article/055/0001072695,거짓
2023.07.12.,"[사실은] 이강인 · 손흥민 무시한 중국, 일본 기자? 사실은…",SBS,https://n.news.naver.com/article/029/0002813066,거짓
2023.07.11.,[팩트체크] 대한민국 국민이라면 공짜로 보험료 2천만원 받을 수 있다?,YTN,https://n.news.naver.com/article/055/0001072648,거짓
2023.07.11.,[팩트체크] 소금사재기로 맛소금 공급 안 돼 조미김 못 만들고 있다?,YTN,https://n.news.naver.com/article/052/0001908294,사실
2023.07.11.,[팩트체크] 일타강사들의 수입은 모두 불법이다?,YTN,https://n.news.naver.com/article/052/0001908293,사실
2023.07.09.,"[사실은] 민주당 ""IAEA, 이미 2015년 해양 방류 권고"" 따져 보니…",SBS,https://n.news.naver.com/article/022/0003831743,거짓
2023.07.08.,살 찔까봐 고른 '제로' 음료 '발암' 논란…먹어도 될까?[노컷체크],노컷뉴스,https://n.news.naver.com/article/003/0011961083,거짓
2023.07.07.,[알고보니] 법원이 월례비를 임금으로 판단하지 않았다?,MBC,https://n.news.naver.com/article/079/0003788757,사실
2023.07.06.,[사실은] IAEA 종합보고서에 '알프스 성능'은 빠져있다?,SBS,https://n.news.naver.com/article/214/0001284392,거짓
2023.07.05.,아일랜드는 법인세 인하로 세계 최고 부자나라됐다?[노컷체크],노컷뉴스,https://n.news.naver.com/article/055/0001071235,사실
2023.07.04.,[팩트체크] 건강보험 나라마다 다른데…상호주의 가능할까?,연합뉴스,https://n.news.naver.com/article/009/0005153569,거짓
2023.06.28.,[팩트체크] 택배노조를 허용하는 나라는 없다?,연합뉴스,https://n.news.naver.com/article/629/0000224767,거짓
2023.06.25.,"""모기는 세상에 불필요한 생명체"" 주장 '대체로 거짓' [오마이팩트]",오마이뉴스,https://n.news.naver.com/article/001/0014030001,거짓
2023.06.25.,"[사실은] 한덕수 ""바다 방사능, 후쿠시마 사고 전과 동일"" 따져 보니",SBS,https://n.news.naver.com/article/047/0002396831,거짓
2023.06.25.,[팩트와이] 고교생 사교육비 '7조 원 시대'...그게 '킬러 문항' 때문일까?,YTN,https://n.news.naver.com/article/055/0001068009,사실
2023.06.24.,말라리아 퇴치국' 벗어난 한국…서울도 안심 못한다?[노컷체크],노컷뉴스,https://n.news.naver.com/article/417/0000930360,사실
2023.06.22.,[사실은] 불수능일수록 사교육 몰린다?…관련성 따져보니,SBS,https://n.news.naver.com/article/366/0000911503,거짓
2023.06.22.,[사실은] 수능 난이도와 사교육비 증가율 상관 관계는?,SBS,https://n.news.naver.com/article/055/0001067523,사실
2023.06.22.,"""이재명이 꺼낸 '핵폐수'가 중국계 용어?"" <중앙> 보도 '대체로 거짓' [오마이팩트]",오마이뉴스,https://n.news.naver.com/article/055/0001067498,거짓
2023.06.21.,"[알고보니] 건강보험, 외국인에게 줄줄 샌다?",MBC,https://n.news.naver.com/article/047/0002396538,거짓
2023.06.20.,"[팩트체크] 경찰의 강제 진압, 문재인 정권 때에도 있었다?",YTN,https://n.news.naver.com/article/022/0003825348,거짓
2023.06.20.,[팩트체크] 우리나라 실업급여를 중국인이 죄다 타 간다?,YTN,https://n.news.naver.com/article/052/0001899564,논란
2023.06.20.,[팩트체크] 차고지를 확보하지 않은 캠핑카는 불법이다?,YTN,https://n.news.naver.com/article/052/0001899563,거짓
2023.06.19.,"""대구퀴어축제, 도로점용허가 받아야"" 홍준표 주장은 '거짓' [오마이팩트]",오마이뉴스,https://n.news.naver.com/article/437/0000347765,논란
2023.06.17.,낙뢰 예보 있다면…금속 장신구 빼라? 낙뢰사고 예방 Q&A[노컷체크],노컷뉴스,https://n.news.naver.com/article/003/0011919333,사실
2023.06.16.,"[알고보니] 처리된 오염수, 음용수 기준에 맞다?",MBC,https://n.news.naver.com/article/437/0000347446,거짓
2023.06.15.,[팩트체크] G7 최저임금제는 상향식 차등적용이다?,이데일리,https://n.news.naver.com/article/629/0000222211,거짓
2023.06.15.,[팩트체크] 장애인 집회에 보조금 사용한 게 문제일까요?,한겨레,https://n.news.naver.com/article/018/0005509294,사실
2023.06.15.,[팩트체크] 민사소송 중 개인정보 노출 막을 방법이 없다?,연합뉴스,https://n.news.naver.com/article/028/0002644010,거짓
2023.06.14.,[사실은] 소금값 급등…후쿠시마 오염수발 사재기 때문?,SBS,https://n.news.naver.com/article/001/0014002978,거짓
2023.06.14.,"[팩트체크]""없어서 못판다"" 日 원전오염수 공포에 '소금 대란,' 진짤까",YTN,https://n.news.naver.com/article/055/0001065456,거짓
2023.06.13.,"[팩트체크] 우리나라 안보리 비상임이사국 진출, 큰 의미를 부여할 수 있을까?",YTN,https://n.news.naver.com/article/052/0001897071,사실
2023.06.13.,[팩트체크] 주유중 흡연시 처분은 과태료 10만 원 뿐이다?,YTN,https://n.news.naver.com/article/052/0001896612,거짓
2023.06.13.,[팩트체크] 우리나라에서 혈액이 부족한 이유는?,YTN,https://n.news.naver.com/article/052/0001896610,거짓
2023.06.10.,"""장애인 집회 참여가 일자리 예산 전용"" 하태경 주장은 '거짓' [오마이팩트]",오마이뉴스,https://n.news.naver.com/article/056/0011502076,사실
2023.06.10.,무색 페트병은 투명 페트병과 따로 분류…대체 무슨 말? [노컷체크],노컷뉴스,https://n.news.naver.com/article/047/0002395108,거짓
2023.06.06.,"[사실은] ""文 정부도"" ""다른 나라도""…삼중수소 논란의 모든 것",SBS,https://n.news.naver.com/article/056/0011499242,논란
2023.06.05.,[알고보니] 사회서비스 시장화하면 질 좋아진다?,MBC,https://n.news.naver.com/article/055/0001063280,거짓
2023.06.03.,[팩트와이] 가사도우미 제도가 저출산 막았을까?...싱가포르·홍콩 통계청 데이터 봤더니,YTN,https://n.news.naver.com/article/056/0011497829,거짓
2023.06.02.,[사실은] '도쿄전력 자료'를 철저히 검증해야 하는 이유,SBS,https://n.news.naver.com/article/052/0001892688,사실
2023.06.02.,[팩트체크] 공공임대주택 늘리면 출생률도 오를까?,연합뉴스,https://n.news.naver.com/article/055/0001062644,사실
2023.06.01.,[팩트체크] 서울시 자체로 경계경보 발령할 수 있나,연합뉴스,https://n.news.naver.com/article/001/0013978321,논란
2023.06.01.,"""대통령실이 서울시 경계경보 발령"" 주장은 '거짓' [오마이팩트]",오마이뉴스,https://n.news.naver.com/article/001/0013978036,논란
2023.05.31.,[팩트체크] 천문학적인 한전 적자 원인은…탈원전? 유가 급등?,연합뉴스,https://n.news.naver.com/article/047/0002394184,논란
2023.05.31.,"우회전 사고, '횡단보도 위치 조정'하면 줄어든다?[노컷체크]",노컷뉴스,https://n.news.naver.com/article/001/0013974183,사실
2023.05.30.,[알고보니] 욱일기와 자위함기는 다르다?,MBC,https://n.news.naver.com/article/079/0003775478,거짓
2023.05.30.,"[팩트체크] 국민참여재판, 성범죄자들에게는 관대하다?",YTN,https://n.news.naver.com/article/214/0001276158,거짓
2023.05.30.,[팩트체크] AI에게 물었습니다. 독도는 어느 나라 땅인가요?,YTN,https://n.news.naver.com/article/052/0001891022,논란
2023.05.30.,[팩트체크] 미숫가루가 영어로 'MSGR' 이라고요?,YTN,https://n.news.naver.com/article/052/0001891021,거짓
2023.05.27.,"[노컷체크]10리터 오염수 마실 수 있다?…""음용수 기준 넘어""",노컷뉴스,https://n.news.naver.com/article/277/0005265142,거짓
2023.05.26.,[알고보니] 노란봉투법이 불법행위에 면죄부?,MBC,https://n.news.naver.com/article/629/0000219088,거짓
2023.05.26.,[사실은] 후쿠시마 방사능 측정값 사용 설명서,SBS,https://n.news.naver.com/article/421/0006832050,거짓
2023.05.24.,"""월소득 1천만원 가구 학자금 무이자 대출"" 보도는 '거짓' [오마이팩트]",오마이뉴스,https://n.news.naver.com/article/469/0000741287,거짓
2023.05.23.,[사실은] 오염수 보관 'K4 탱크' IAEA 평가는?,SBS,https://n.news.naver.com/article/469/0000740849,거짓
2023.05.23.,"[팩트체크] 윤석열 대통령 1년, 대선 공약 이행률은 어느 정도인가?",YTN,https://n.news.naver.com/article/055/0001060152,논란
2023.05.21.,[팩트체크] 대통령이 거부한 간호법안 국회서 수정 재의결 가능할까,연합뉴스,https://n.news.naver.com/article/081/0003362780,논란
2023.05.20.,"""진보가 가짜뉴스 더 믿는다"" <중앙> 보도 '대체로 거짓' [오마이팩트]",오마이뉴스,https://n.news.naver.com/article/001/0013954147,거짓
2023.05.19.,[팩트체크] ‘대졸’은 간호조무사 못한다?,이데일리,https://n.news.naver.com/article/047/0002392871,사실
2023.05.19.,[사실은] 오염수? 처리수? 다른 나라는 어떻게 부를까,SBS,https://n.news.naver.com/article/018/0005490069,거짓
2023.05.17.,[팩트와이] '간호법 제정' 윤 대통령 약속 있었나?...당시 발언·공약집 살펴보니,YTN,https://n.news.naver.com/article/055/0001059099,논란
2023.05.17.,"[사실은] ""매달 420만 원 받는 유공자?"" 5·18 소문의 진실",SBS,https://n.news.naver.com/article/052/0001886061,사실
2023.05.17.,"[알고보니] 전두환, 여러 차례 5·18 피해자 위로했다?",MBC,https://n.news.naver.com/article/055/0001058664,거짓
2023.05.17.,[팩트와이] '간호법 제정' 윤 대통령 약속 있었나?...당시 발언·공약집 살펴보니,YTN,https://n.news.naver.com/article/214/0001273456,논란
2023.05.17.,한·중·러만 '오염수'로 부른다?... 미국이 오히려 예외 [오마이팩트],오마이뉴스,https://n.news.naver.com/article/052/0001885925,거짓
2023.05.17.,[팩트체크] 업무방해죄로 노조 처벌하는 나라는 한국과 일본뿐이다?,연합뉴스,https://n.news.naver.com/article/047/0002392549,거짓
2023.05.15.,[팩트체크] 용산공원 시범개방 때 이용시간 제한한 적 없다?,연합뉴스,https://n.news.naver.com/article/001/0013946159,거짓
2023.05.15.,"[사실은] ""문 정부 때 이미 오염수 처리 장치 검증"" 따져보니…",SBS,https://n.news.naver.com/article/001/0013942457,거짓
2023.05.13.,"[노컷체크]尹, 1년 공약이행률…""좋아 빠르게 가"" 이행?파기 모두 높아",노컷뉴스,https://n.news.naver.com/article/055/0001057945,거짓
2023.05.12.,"""문 정부 임대차3법, 전세 사기 원인"" 국힘 주장 '거짓' [오마이팩트]",오마이뉴스,https://n.news.naver.com/article/079/0003769417,거짓
2023.05.11.,"""비버 먹방 소리, 스트레스 17% 감소"" 영상은 사실일까 [오마이팩트]",오마이뉴스,https://n.news.naver.com/article/047/0002392015,사실
2023.05.10.,[사실은] 많아졌다는 '검사 출신' · '서오남'…지금은 얼마나?,SBS,https://n.news.naver.com/article/047/0002391938,거짓
2023.05.10.,"[사실은] 임기 초 뜨거웠던 '검찰' '서오남', 지금은?",SBS,https://n.news.naver.com/article/055/0001056897,논란
2023.05.10.,검찰 손발 잘라 마약수사 못 해? 숫자는 거짓말 안 한다 [팩트체크],한겨레,https://n.news.naver.com/article/055/0001056876,거짓
2023.05.09.,[팩트체크] '간호법 제정'이 尹대통령 대선공약?…진실 공방,연합뉴스,https://n.news.naver.com/article/009/0005127500,거짓
2023.05.08.,[알고보니] 의사면허 취소법은 의사 압박용이다?,MBC,https://n.news.naver.com/article/001/0013929015,거짓
2023.05.07.,[팩트체크] 가루쌀은 겉은 쌀인데 밀과 똑같다?,연합뉴스,https://n.news.naver.com/article/214/0001271402,거짓
2023.05.05.,[사실은] 윤 대통령 지지율 내렸다? 올랐다? 확인해보니…,SBS,https://n.news.naver.com/article/001/0013924801,논란
2023.05.03.,[팩트체크] 내년 입시부터 문과생도 의대 간다? “사실상 불가능”,한겨레,https://n.news.naver.com/article/629/0000215315,거짓
2023.05.03.,[팩트체크] 우리나라 판결문 공개 비율은 0.3%에 불과하다?,연합뉴스,https://n.news.naver.com/article/028/0002638341,논란
2023.05.02.,[팩트체크] 2030 무당층 비율 역대급으로 높다?,이데일리,https://n.news.naver.com/article/001/0013918263,논란
2023.05.02.,"[사실은] 민형배 ""탈당에 대한 헌재 판단 없었다"", 따져 보니…",SBS,https://n.news.naver.com/article/018/0005477195,거짓
2023.04.30.,[팩트와이] 우리 교과서는 '강제노동' 충실히 기록?...日 교과서 보기도 민망,YTN,https://n.news.naver.com/article/021/0002569510,사실
2023.04.30.,[팩트체크] 4대강 사업 과거 정부서 어떤 평가를 받았나,연합뉴스,https://n.news.naver.com/article/629/0000214498,사실
2023.04.30.,[팩트와이] 우리 교과서는 '강제노동' 충실히 기록?...日 교과서 보기도 민망,YTN,https://n.news.naver.com/article/001/0013912340,사실
2023.04.29.,[팩트와이] 日 법원도 인정한 '강제노동·연행'...日 교과서는 외면,YTN,https://n.news.naver.com/article/052/0001879197,거짓
2023.04.29.,[팩트와이] 日 법원도 인정한 '강제노동·연행'...日 교과서는 외면,YTN,https://n.news.naver.com/article/052/0001879113,거짓
2023.04.28.,"""전세 사기가 임대차3법 탓? 윤석열 정부의 마녀사냥"" [오마이팩트]",오마이뉴스,https://n.news.naver.com/article/052/0001878995,사실
2023.04.28.,"[노컷체크]외국인 관광객 소비 분석 믿어도 될까?…'中 바르고, 日 먹는데 돈 쓴다?'",노컷뉴스,https://n.news.naver.com/article/047/0002390572,거짓
2023.04.26.,"""비례대표 많을수록 여성·청년 의원도 많다"" '대체로 사실' [오마이팩트]",오마이뉴스,https://n.news.naver.com/article/469/0000736182,사실
2023.04.26.,"""원내 정당 많으면 정치 불안정"" '대체로 거짓' [오마이팩트]",오마이뉴스,https://n.news.naver.com/article/047/0002390141,논란
2023.04.26.,"""한국 국회의원 100명이면 충분"" 검증해보니 [오마이팩트]",오마이뉴스,https://n.news.naver.com/article/047/0002390140,사실
2023.04.26.,"전세사기 보증금, 세금으로 준다고? [팩트체크]",한겨레,https://n.news.naver.com/article/047/0002390139,논란
2023.04.25.,"[팩트체크] 동물들이 지진이나 자연재해를 예측한다는 속설, 사실일까?",YTN,https://n.news.naver.com/article/028/0002637321,사실
2023.04.25.,[팩트체크] 음주운전을 방조해도 처벌을 받는 사람들은 거의 없다?,YTN,https://n.news.naver.com/article/052/0001877526,논란
2023.04.25.,[팩트체크] 마약을 몰래 먹여도 처벌할 수 있는 법조항이 없다?,YTN,https://n.news.naver.com/article/052/0001877525,사실
2023.04.25.,"[사실은] 윤 대통령 '일본 무릎' 발언, 워싱턴포스트에 직접 물었습니다",SBS,https://n.news.naver.com/article/052/0001877524,사실
2023.04.24.,"""윤 대통령은 '순방 효과' 없었다"" 보도 '대체로 사실' [오마이팩트]",오마이뉴스,https://n.news.naver.com/article/055/0001053145,논란
2023.04.24.,[팩트체크] 학교폭력이 2017년부터 가파르게 늘고 있다?,연합뉴스,https://n.news.naver.com/article/047/0002389915,거짓
2023.04.22.,[노컷체크]제로슈가 전성시대…'무설탕=0칼로리' 믿었다간 큰 일,노컷뉴스,https://n.news.naver.com/article/001/0013898280,사실
2023.04.21.,[알고보니] 활주로에서 고추 말린 지방공항‥사실일까?,MBC,https://n.news.naver.com/article/079/0003762267,거짓
2023.04.21.,"[사실은] 국내산과 일본산 '멍게 구분법', 맞는 걸까요?",SBS,https://n.news.naver.com/article/214/0001268041,거짓
2023.04.20.,[사실은] 후쿠시마산 일본 수입 멍게 국내 팔리고 있다?,SBS,https://n.news.naver.com/article/629/0000212905,거짓
2023.04.20.,[사실은] 애꿎은 '후쿠시마 멍게' 논란에 어민 한숨,SBS,https://n.news.naver.com/article/055/0001052095,거짓
2023.04.18.,"[사실은] 같은 보고서 놓고 민주당 vs 민주당, 누구 말 맞나?",SBS,https://n.news.naver.com/article/009/0005119421,거짓
2023.04.18.,[팩트체크] 이한열·박종철 열사는 현행법상 국가유공자가 아니다?,연합뉴스,https://n.news.naver.com/article/055/0001051394,사실
2023.04.16.,"불청객' 황사, 메이드인차이나 아니다?[노컷체크]",노컷뉴스,https://n.news.naver.com/article/015/0004833462,사실
2023.04.15.,[노컷체크]80년대 미세먼지 지금보다 좋았다?…미세먼지 현대사,노컷뉴스,https://n.news.naver.com/article/079/0003759700,거짓
2023.04.14.,[알고보니] 세월호 피해자 의료지원 연장은 혈세낭비?,MBC,https://n.news.naver.com/article/079/0003759619,거짓
2023.04.14.,[팩트체크] 정상 외교에 대해 국정조사 한 전례가 없다?,이데일리,https://n.news.naver.com/article/214/0001266483,거짓
2023.04.12.,[팩트와이] 양곡법 개정되면 쌀 초과생산 비율 2배?...KREI 보고서 분석했더니,YTN,https://n.news.naver.com/article/022/0003802341,사실
2023.04.12.,"[사실은] 동해안의 지독한 봄철 산불…""피해 규모 13배""",SBS,https://n.news.naver.com/article/052/0001872512,사실
2023.04.12.,[팩트체크] 학폭 피해자가 원치 않으면 부모가 고소 못한다?,연합뉴스,https://n.news.naver.com/article/055/0001049943,거짓
2023.04.11.,"[팩트체크] 민주당 양곡관리법 개정 입장, 여당일때 야당일때 달랐나?",연합뉴스,https://n.news.naver.com/article/001/0013874759,거짓
2023.04.11.,"[사실은] ""후쿠시마서 기준치 14배 우럭""…피폭량 얼마나?",SBS,https://n.news.naver.com/article/001/0013872854,거짓
2023.04.10.,[팩트체크] 소아과는 이제 없어지는 건가?,YTN,https://n.news.naver.com/article/469/0000733332,거짓
2023.04.10.,[팩트체크] 윤 대통령이 양곡법 관련해서 말을 뒤집었다? 사실일까?,YTN,https://n.news.naver.com/article/052/0001871411,사실
2023.04.09.,[사실은] 1년 앞으로 다가온 총선…OECD는 어떻게 국회의원 뽑을까?,SBS,https://n.news.naver.com/article/629/0000210656,거짓
2023.04.08.,[노컷체크]'밥 한 공기' 비우면 쌀 소비량 늘까…대안 부재 드러낸 '말 한 마디',노컷뉴스,https://n.news.naver.com/article/629/0000210581,거짓
2023.04.07.,"[팩트체크] 후쿠시마 오염수 방류, 국제적·과학적으로 문제없다?",연합뉴스,https://n.news.naver.com/article/009/0005113065,사실
2023.04.06.,"""4.3은 격 낮아 대통령 참석 의무 없다"" 김재원 발언 '대체로 거짓' [오마이팩트]",오마이뉴스,https://n.news.naver.com/article/001/0013865397,사실
2023.04.05.,"[알고보니] 쌀 소비 촉진 대책, 효과 있나?",MBC,https://n.news.naver.com/article/014/0004992622,논란
2023.04.03.,"[사실은] ""제주 4·3 사건은 공산 폭동"" 또 꿈틀…사실은?",SBS,https://n.news.naver.com/article/021/0002564914,거짓
2023.04.03.,"[알고보니] 후쿠시마산 수산물, 국내로 결코 못들어온다?",MBC,https://n.news.naver.com/article/055/0001047645,거짓
2023.04.03.,"[사실은] 4월이면 어김없이 ""4·3은 공산 폭동""…사실은?",SBS,https://n.news.naver.com/article/214/0001263860,거짓
2023.04.03.,"""거부권 행사하면 대통령 지지율 상승"", 사실반 거짓반 [오마이팩트]",오마이뉴스,https://n.news.naver.com/article/055/0001047628,거짓
2023.03.31.,"[팩트와이] 국내주식 보유 제한한 공직자윤리법, 해외주식은 안 막는다?",YTN,https://n.news.naver.com/article/047/0002387450,거짓
2023.03.31.,"[사실은] ""한국도 방사능 오염수 방류"" 일본 주장, 따져봤습니다",SBS,https://n.news.naver.com/article/052/0001867807,거짓
2023.03.31.,"[사실은] ""한국도 방사능 오염수 방류한다""는 일본 주장, 사실일까?",SBS,https://n.news.naver.com/article/055/0001047028,거짓
2023.03.31.,"[팩트와이] 국내주식 보유 제한한 공직자윤리법, 해외주식은 안 막는다?",YTN,https://n.news.naver.com/article/055/0001047013,거짓
2023.03.29.,"[팩트체크] 헌재, 과거에도 '검찰 수사권은 헌법상 권한 아니다' 결정했다?",연합뉴스,https://n.news.naver.com/article/056/0011455984,거짓
2023.03.29.,[팩트체크] 정신과 질환 사망률 1위는 거식증이다?,이데일리,https://n.news.naver.com/article/001/0013844834,거짓
2023.03.29.,"[사실은] 이재명 ""소부장 예산 대폭 깎였다"", 따져보니…",SBS,https://n.news.naver.com/article/018/0005451773,거짓
2023.03.27.,[팩트체크] 한국은 행복하지 않은 나라라는 조사 과연 사실일까?,YTN,https://n.news.naver.com/article/629/0000208375,사실
2023.03.27.,[팩트체크] 일제강점기 시절 주 65시간 근무 때문에 파업이 있었다?,YTN,https://n.news.naver.com/article/052/0001865704,거짓
2023.03.25.,[노컷체크]월 100만원 외국인 가사도우미 현실성은?,노컷뉴스,https://n.news.naver.com/article/009/0005107146,사실
2023.03.25.,"[팩트체크] 튀르키예 교과서에 ""한국은 형제국가""라고 쓰여 있다?(종합)",연합뉴스,https://n.news.naver.com/article/079/0003751468,거짓
2023.03.24.,"[팩트체크] 타워크레인 조종사, 강풍 불 때 임의로 조종석 벗어나면 위법?",연합뉴스,https://n.news.naver.com/article/057/0001730996,거짓
2023.03.24.,[팩트와이] 노무현 정부 때도 강제동원 '대리 보상'?...당시 기록 살펴보니,YTN,https://n.news.naver.com/article/001/0013835950,거짓
2023.03.23.,"[사실은] ""일본의 과거사 사과"" 전수 분석해보니… '사과'와 '망언'의 쳇바퀴",SBS,https://n.news.naver.com/article/629/0000207617,거짓
2023.03.23.,"[팩트체크] '비자금 있다' 손자폭로 나온 전두환 미납추징금, 환수 가능할까",연합뉴스,https://n.news.naver.com/article/055/0001044859,거짓
2023.03.22.,[팩트와이] 한일 관계 개선으로 '수출' 좋아진다는 대한상의...같은 계산법으로 '수입'은?,YTN,https://n.news.naver.com/article/032/0003212478,논란
2023.03.21.,"""노무현도 징용피해 보상금 대위 지급"" 김기현 주장은 '거짓' [오마이팩트]",오마이뉴스,https://n.news.naver.com/article/052/0001863622,거짓
2023.03.21.,"[사실은] ""일본은 이미 수십 차례 사과""…따져봐야 할 점",SBS,https://n.news.naver.com/article/047/0002386024,거짓
2023.03.21.,"[팩트체크] 응급피임약, 가톨릭계 병원에서는 처방 안 한다?",연합뉴스,https://n.news.naver.com/article/032/0003212185,거짓
2023.03.20.,"이인규 회고록, 공무상비밀누설·사자명예훼손?[팩트체크]",머니투데이,https://n.news.naver.com/article/001/0013827783,거짓
2023.03.20.,위안부 합의? 독도?…한일 회담서 실제 나온 말은 [팩트체크],한겨레,https://n.news.naver.com/article/008/0004864356,거짓
2023.03.20.,"[팩트체크] '멸종위기' 한국인, 장시간 근로 때문일까?",이데일리,https://n.news.naver.com/article/028/0002632138,거짓
2023.03.18.,[노컷체크]사교육공화국 대한민국 1명당 41만원? '생각보다 적은데~',노컷뉴스,https://n.news.naver.com/article/057/0001729681,거짓
2023.03.16.,[팩트체크] 대통령과 여당 대표 간 정례회담은 항상 있었다?,연합뉴스,https://n.news.naver.com/article/079/0003748777,논란
2023.03.16.,"""MZ세대는 주69시간 선호"" 국힘 주장은 '대체로 거짓' [오마이팩트]",오마이뉴스,https://n.news.naver.com/article/057/0001729058,거짓
2023.03.15.,"[팩트와이] 日 외무상 ""강제노동 없었다""...ILO·대법원 판단은 전혀 달라",YTN,https://n.news.naver.com/article/047/0002385396,거짓
2023.03.15.,"[사실은] ""사교육비 41만? 기본이 1백만인데?"" 조사 방식 살펴보니…",SBS,https://n.news.naver.com/article/052/0001861151,사실
2023.03.14.,[팩트체크] 대법원 강제징용 배상판결은 한 대법관이 독립운동하듯 내렸다?,연합뉴스,https://n.news.naver.com/article/055/0001042714,거짓
2023.03.13.,[팩트체크] 몸에 좋다는 콜라겐 실제로 효과가 있을까?,YTN,https://n.news.naver.com/article/001/0013812764,사실
2023.03.13.,"[팩트체크] 의료인들이 말하는 환자와 치료 이야기, 합법일까? 불법일까?",YTN,https://n.news.naver.com/article/052/0001860091,거짓
2023.03.13.,[팩트체크] 징용해법 한일관계와 피해자 모두를 고려한 결정이었을까?,YTN,https://n.news.naver.com/article/052/0001860092,거짓
2023.03.11.,"[노컷체크]밥맛 좋은 신동진 벼, 갑자기 퇴출…왜?",노컷뉴스,https://n.news.naver.com/article/052/0001860090,거짓
2023.03.11.,[팩트와이] '유관순 허구·절도범·유부녀' 주장까지?...판결문·사료 따져보니,YTN,https://n.news.naver.com/article/079/0003746287,거짓
2023.03.10.,[팩트체크] 한국의 대학 등록금은 주요 선진국에 비해 높은 편이다?,이데일리,https://n.news.naver.com/article/052/0001859414,사실
2023.03.09.,"""한국·호주전 기미가요는 개최국 재량?"" WBC의 '이상한 관행' [오마이팩트]",오마이뉴스,https://n.news.naver.com/article/018/0005439887,거짓
2023.03.09.,"""강제동원 피해자 싫다는데 '제3자 변제'?"" 민법학자 ""비정상적"" [오마이팩트]",오마이뉴스,https://n.news.naver.com/article/047/0002384686,거짓
2023.03.09.,"[팩트와이] 정진석 ""정부 해법은 문희상 아이디어""...문희상 ""하늘과 땅 차이""",YTN,https://n.news.naver.com/article/417/0000902194,거짓
2023.03.08.,"[팩트와이] 정진석 ""정부 해법은 문희상 아이디어""...문희상 ""하늘과 땅 차이""",YTN,https://n.news.naver.com/article/052/0001858476,거짓
2023.03.08.,"[팩트와이] 정진석 ""정부 해법은 문희상 아이디어""...문희상 ""하늘과 땅 차이""",YTN,https://n.news.naver.com/article/022/0003790468,거짓
2023.03.08.,"[사실은] ""한국만 사죄 악쓴다"" 주장이 망언인 이유",SBS,https://n.news.naver.com/article/052/0001858388,사실
2023.03.07.,[팩트체크] 세계 최초로 동성결혼 합법화한 나라는 네덜란드다?,연합뉴스,https://n.news.naver.com/article/021/0002560068,거짓
2023.03.07.,[팩트와이] 피해자 반대해도 '대신 지급' 가능할까?...민법과 공탁실무 따져보니,YTN,https://n.news.naver.com/article/001/0013796433,거짓
2023.03.06.,"[팩트체크] 튀르키예 교과서에 ""한국은 형제국가""라고 쓰여 있다?",연합뉴스,https://n.news.naver.com/article/469/0000727051,거짓
2023.03.04.,"일본 반성' 빠진 3.1절 기념사, 2011년 이후 처음 [오마이팩트]",오마이뉴스,https://n.news.naver.com/article/031/0000732259,논란
2023.03.04.,"[사실은] ""노조 회계자료 공개는 국제 기준"" 따져보니…",SBS,https://n.news.naver.com/article/047/0002384042,거짓
2023.03.04.,[노컷체크]'건폭' 만들어 노조압박…타워크레인 월례비 불법?,노컷뉴스,https://n.news.naver.com/article/003/0011722393,논란
2023.03.03.,[팩트와이] '日 반성' 언급 안 한 건 처음?...대통령 3·1절 기념사 30건 분석,YTN,https://n.news.naver.com/article/079/0003743762,논란
2023.03.03.,[팩트와이] '日 반성' 언급 안 한 건 처음?...대통령 3·1절 기념사 30건 분석,YTN,https://n.news.naver.com/article/052/0001856535,논란
2023.03.01.,[사실은] 한동훈 '체포 요청'은 역대 최장? 따져 보니…,SBS,https://n.news.naver.com/article/052/0001856141,논란
2023.02.27.,"[팩트체크] 안철수 후보의 손가락 발언, 과연 사실일까?",YTN,https://n.news.naver.com/article/421/0006656155,거짓
2023.02.27.,"""정부가 노조 회계장부 볼 근거 없다"" 우원식 발언은 '사실' [오마이팩트]",오마이뉴스,https://n.news.naver.com/article/052/0001854669,거짓
2023.02.25.,"[사실은] 푸틴 ""에델바이스는 히틀러의 흔적"", 팩트체크 해보니…",SBS,https://n.news.naver.com/article/047/0002383432,거짓
2023.02.25.,[노컷체크]자살예방 대책…번개탄 생산 금지가 1순위?,노컷뉴스,https://n.news.naver.com/article/055/0001038330,거짓
2023.02.24.,"[팩트체크] 의사-간호사 다투는 '간호법', 다른 나라도 많이 제정한 법이다?",연합뉴스,https://n.news.naver.com/article/079/0003741645,논란
2023.02.23.,[팩트체크] 그 많던 대중목욕탕은 다 어디로 갔을까…수치로 본 목욕탕史,연합뉴스,https://n.news.naver.com/article/022/0003786397,논란
2023.02.22.,[팩트와이] 번개탄 금지로 자살 예방?...실효성 우려·업계 피해 지적도,YTN,https://n.news.naver.com/article/001/0013774039,거짓
2023.02.22.,[팩트와이] 번개탄 금지로 자살 예방?...실효성 우려·업계 피해 지적도,YTN,https://n.news.naver.com/article/009/0005092181,거짓
2023.02.22.,[사실은] 이재명 '불체포 특권' 포기는 가능할까요,SBS,https://n.news.naver.com/article/052/0001852844,논란
2023.02.22.,노조가 ‘정부 지원금 회계보고’ 거부했다고? 틀렸다 [팩트체크],한겨레,https://n.news.naver.com/article/055/0001037481,거짓
2023.02.21.,"[팩트와이] ""권성동이 좋은 선례""...이재명 배우라는 '2018 권성동 모델'은 무엇?",YTN,https://n.news.naver.com/article/028/0002628444,사실
2023.02.21.,"""자살률 낮추려고 번개탄 생산 금지"" 정부 발표는 '대체로 거짓' [오마이팩트]",오마이뉴스,https://n.news.naver.com/article/052/0001852616,거짓
2023.02.21.,"""김재철 사장 시절 MBC 파업=불법"" 김기현 발언은 '거짓' [오마이팩트]",오마이뉴스,https://n.news.naver.com/article/047/0002382900,거짓
2023.02.21.,"[팩트와이] ""권성동이 좋은 선례""...이재명 배우라는 '2018 권성동 모델'은 무엇?",YTN,https://n.news.naver.com/article/047/0002382881,사실
2023.02.21.,[팩트체크] 文정부 ‘단독’ 장관급 인사 임명이 역대 최대다?,이데일리,https://n.news.naver.com/article/052/0001852459,논란
2023.02.21.,[팩트체크] 북한 유튜버 동영상을 공유하면 국가보안법 위반이다?,연합뉴스,https://n.news.naver.com/article/018/0005429188,거짓
2023.02.20.,"[사실은] 태영호의 4.3 발언, 사료로 검증했습니다",SBS,https://n.news.naver.com/article/469/0000724551,거짓
2023.02.18.,"대선 결과 모른다던 챗GPT ""이재명이 윤석열 이겼다""? [오마이팩트]",오마이뉴스,https://n.news.naver.com/article/055/0001036942,거짓
2023.02.18.,[노컷체크]지진 골든타임 72시간…어떻게 나온걸까?,노컷뉴스,https://n.news.naver.com/article/047/0002382587,거짓
2023.02.17.,[팩트체크] '노인은 65세 이상' 기준은 독일 비스마르크 수상 때 시작됐다?,연합뉴스,https://n.news.naver.com/article/079/0003739194,사실
2023.02.15.,"""윤석열 발언은 사실입니까?"" 챗GPT에 물어보니 [오마이팩트]",오마이뉴스,https://n.news.naver.com/article/032/0003205187,거짓
2023.02.15.,9급 초임 공무원은 정말 최저임금도 못 받을까[팩트체크],이데일리,https://n.news.naver.com/article/047/0002382258,거짓
2023.02.14.,"[팩트와이] 태영호 ""제주 4·3 사건, 김일성 지시로 촉발""...특별법·진상보고서 봤더니",YTN,https://n.news.naver.com/article/014/0004969285,거짓
2023.02.14.,"[팩트와이] 태영호 ""제주 4·3 사건, 김일성 지시로 촉발""...특별법·진상보고서 봤더니",YTN,https://n.news.naver.com/article/052/0001849722,거짓
2023.02.14.,"[팩트와이] 태영호 ""제주 4·3 사건, 김일성 지시로 촉발""...특별법·진상보고서 봤더니",YTN,https://n.news.naver.com/article/052/0001849662,거짓
2023.02.14.,[팩트체크] 탄핵소추하려면 형사상 수사·기소가 먼저 있어야 한다?,연합뉴스,https://n.news.naver.com/article/052/0001849564,논란
2023.02.14.,"[사실은] ""한국 민주주의 지수 8단계 하락"" 따져 보니…",SBS,https://n.news.naver.com/article/001/0013755469,사실
2023.02.13.,[팩트체크] 챗GPT가 쓴 추리소설을 책으로 출판하면 저작권법 위반일까?,연합뉴스,https://n.news.naver.com/article/055/0001035526,거짓
2023.02.13.,"[팩트체크] 대중교통 노인 무임승차, 정말 국가적 손해일까?",YTN,https://n.news.naver.com/article/001/0013753452,거짓
2023.02.11.,[노컷체크] 챗GPT로 팩트체크도 가능할까?,노컷뉴스,https://n.news.naver.com/article/052/0001849024,사실
2023.02.11.,[팩트와이] 무임승차 70세 상향은 위법한가?...'대구시 VS 서울시' 정반대 해석,YTN,https://n.news.naver.com/article/056/0011426676,거짓
2023.02.10.,[팩트체크] 우리나라 정당 국고보조금은 세계적으로 드문 제도다?,연합뉴스,https://n.news.naver.com/article/052/0001848458,사실
2023.02.08.,[팩트와이] 윤 대통령 '당비 300만 원'은 정해져 있는 것 아니다?...국민의힘 당규 봤더니,YTN,https://n.news.naver.com/article/009/0005086487,사실
2023.02.07.,"[팩트체크] 지하철 노인 무임승차 비용부담, 정부 책임이냐 지자체 책임이냐",연합뉴스,https://n.news.naver.com/article/057/0001720949,거짓
2023.02.06.,[팩트체크] 비동의 강간죄 도입되면 '동의 없었다' 피해자 진술만으로 유죄?,연합뉴스,https://n.news.naver.com/article/437/0000331304,거짓
2023.02.04.,[노컷체크]여성민방위 논란…'전시?재난교육 민방위가 답?',노컷뉴스,https://n.news.naver.com/article/014/0004964347,거짓
2023.02.03.,[사실은] '무임승차' 얼마나 부담이길래…사회적 편익 가치는?,SBS,https://n.news.naver.com/article/079/0003734087,거짓
2023.02.03.,"""집값 폭등은 저금리 아닌 문재인 탓"" 언론보도는 '거짓' [오마이팩트]",오마이뉴스,https://n.news.naver.com/article/055/0001033005,거짓
2023.02.02.,"[사실은] 노인 무임승차에 들어가는 비용, 얼마나 될까",SBS,https://n.news.naver.com/article/047/0002381012,거짓
2023.02.01.,"[알고보니] ""난방비 대란 2025년까지 지속될 것""",MBC,https://n.news.naver.com/article/055/0001032587,거짓
2023.02.01.,[팩트체크] 일회용 마스크 착용하면 미세플라스틱 때문에 폐가 손상된다?,연합뉴스,https://n.news.naver.com/article/214/0001251249,논란
2023.01.30.,"[사실은] ""문 정부가 안 올려서"" vs ""또 탓한다""…난방비 논란 살펴보니",SBS,https://n.news.naver.com/article/014/0004962005,거짓
2023.01.30.,"[알고보니] 난방비 폭탄, 횡재세가 해법?",MBC,https://n.news.naver.com/article/055/0001031809,거짓
2023.01.30.,"[사실은] ""문 정부만 요금 안 올려서…"" 팩트체크 해보니",SBS,https://n.news.naver.com/article/214/0001250839,거짓
2023.01.30.,[팩트체크] UAE 37조 오일머니..'양해각서'로 본 역대정부 세일즈 외교,YTN,https://n.news.naver.com/article/055/0001031694,거짓
2023.01.30.,"[팩트체크] '임플란트 38만원!' 광고한 치과, 찾아가보니",YTN,https://n.news.naver.com/article/052/0001843242,거짓
2023.01.30.,"[팩트체크] UAE발 여객기 승객, 메르스증세?",YTN,https://n.news.naver.com/article/052/0001843241,거짓
2023.01.29.,[팩트와이] '횡재세' 전 세계 시행?...유럽과 미중일 따져보니,YTN,https://n.news.naver.com/article/052/0001843239,거짓
2023.01.29.,[팩트와이] '횡재세' 전 세계 시행?...유럽과 미중일 따져보니,YTN,https://n.news.naver.com/article/052/0001843050,거짓
2023.01.29.,[팩트와이] '횡재세' 전 세계 시행?...유럽과 미중일 따져보니,YTN,https://n.news.naver.com/article/032/0003201525,거짓
2023.01.28.,[노컷체크]미국에서 불 붙은 '가스레인지 사용 금지' 논란…왜?,노컷뉴스,https://n.news.naver.com/article/052/0001842851,거짓
2023.01.28.,[팩트체크] 폭설로 항공기 결항돼 출근 못하면 연차 안 쓰고도 쉴수 있을까,연합뉴스,https://n.news.naver.com/article/079/0003731594,논란
2023.01.27.,[알고보니] 난방비 폭등 네탓 공방‥확인해보니,MBC,https://n.news.naver.com/article/001/0013723138,거짓
2023.01.27.,"[팩트체크] 민식이법 3년, 아이들은 아직도 스쿨존이 불안하다",이데일리,https://n.news.naver.com/article/214/0001250392,사실
2023.01.27.,[팩트체크] 경찰이 '성남FC 후원금 의혹' 불송치한 것은 무혐의 처분이다?(종합),연합뉴스,https://n.news.naver.com/article/018/0005413363,거짓
2023.01.27.,[팩트체크] 경찰이 '성남FC 후원금 의혹' 불송치한 것은 무혐의 처분이다?,연합뉴스,https://n.news.naver.com/article/009/0005079771,거짓
2023.01.27.,"""난방비 폭등은 문재인 정부 탓"" 국힘 주장 '대체로 거짓' [오마이팩트]",오마이뉴스,https://n.news.naver.com/article/001/0013721271,거짓
2023.01.23.,[팩트체크] 후불결제 서비스는 연체해도 신용점수 안 떨어진다?,연합뉴스,https://n.news.naver.com/article/021/0002553114,논란
2023.01.22.,"[사실은] ""한국은 국회의원이 너무 많다"" 따져 보니…",SBS,https://n.news.naver.com/article/001/0013714989,거짓
2023.01.21.,[노컷체크]지자체 58곳 소아청소년과 0곳…병원 찾아 삼만리,노컷뉴스,https://n.news.naver.com/article/055/0001030070,거짓
2023.01.20.,"[사실은] 성균관 ""차례상에 전 안 올려도 됩니다""…진짜?",SBS,https://n.news.naver.com/article/079/0003729974,거짓
2023.01.20.,[팩트체크] 남는 쌀 정부 매입 의무화하면 쌀값 떨어진다?,연합뉴스,https://n.news.naver.com/article/055/0001029856,거짓
2023.01.18.,[알고보니] 연봉 3억 6천에도 지원자 0명‥지역 공공의료 해법은?,MBC,https://n.news.naver.com/article/009/0005077101,사실
2023.01.17.,"[사실은] 이재명 ""대통령제는 소선거구제와 친해"" 따져 보니…",SBS,https://n.news.naver.com/article/214/0001248704,논란
2023.01.17.,[팩트체크] 대통령이 제1야당 대표와 이렇게 오래 안 만난 것은 처음이다?,연합뉴스,https://n.news.naver.com/article/055/0001028847,거짓
2023.01.16.,"""짜게 먹어도 오래 산다"" 언론 보도는 '대체로 거짓' [오마이팩트]",오마이뉴스,https://n.news.naver.com/article/001/0013704351,거짓
2023.01.16.,[팩트체크] 경유차 타지마세요! 앞으로 서울엔 경유차 못다녀?,YTN,https://n.news.naver.com/article/047/0002379343,거짓
2023.01.14.,"[노컷체크]국수, 5분 이상 삶아야 중금속 안전?…비현실적 실험 설계",노컷뉴스,https://n.news.naver.com/article/052/0001838182,거짓
2023.01.14.,[팩트체크] 115석 불과한 국민의힘…헌정사상 최악의 '여소야대' 국면이다?,연합뉴스,https://n.news.naver.com/article/079/0003727458,사실
2023.01.12.,"""노조전임자 임금, 한국만 회사가 준다?"" 전순옥 발언 '사실반 거짓반' [오마이팩트]",오마이뉴스,https://n.news.naver.com/article/001/0013700021,거짓
2023.01.11.,[사실은] 역사 왜곡 적극 대응 한다더니…'일본군 위안부' 삭제,SBS,https://n.news.naver.com/article/629/0000195108,거짓
2023.01.11.,[사실은] 간소화된 교육과정…위안부도 빠졌다,SBS,https://n.news.naver.com/article/437/0000328428,거짓
2023.01.10.,"[팩트체크] 중대선거구제, 지역주의 양당제 정치구도 해소할 대안 될까?",연합뉴스,https://n.news.naver.com/article/022/0003772625,거짓
2023.01.09.,"[팩트와이] ""헝가리식 대출 탕감 정책이 결혼율 20% 올렸다""...사실일까?",YTN,https://n.news.naver.com/article/421/0006567231,사실
2023.01.09.,"[팩트와이] ""헝가리식 대출 탕감 정책이 결혼율 20% 올렸다""...사실일까?",YTN,https://n.news.naver.com/article/052/0001835657,사실
2023.01.07.,[사실은] '신현영 징계 요청'으로 본 '의원 징계'의 정치학,SBS,https://n.news.naver.com/article/021/0002550629,거짓
2023.01.07.,[팩트체크] 중국발 입국자보다 미국 코로나19 변이 유입이 더 큰 걱정거리?,연합뉴스,https://n.news.naver.com/article/055/0001026445,거짓
2023.01.06.,"[팩트체크] 尹, 신년 기자회견을 패스한 유일한 대통령이다?",이데일리,https://n.news.naver.com/article/001/0013686783,거짓
2023.01.06.,[팩트체크] 새로운 '소비기한 표시제'선 음식 먹고 탈나면 기업 책임 없다?,연합뉴스,https://n.news.naver.com/article/018/0005401666,사실
2023.01.04.,"[사실은] ""신종변이, 복통·설사 유발""…전문가에 물어보니",SBS,https://n.news.naver.com/article/629/0000194180,거짓
2023.01.04.,[알고보니] SRT열차 멈추면 KTX 투입? 이상한 철도 경쟁,MBC,https://n.news.naver.com/article/055/0001025817,거짓
2023.01.03.,[팩트와이] 사라진 대통령실의 '컨트롤 타워' 기능...참사 두 달전 매뉴얼 보니,YTN,https://n.news.naver.com/article/031/0000720766,사실
2023.01.03.,"韓 초고속인터넷 속도, 글로벌 34위?…못 믿을 해외 업체 통계[팩트체크]",이데일리,https://n.news.naver.com/article/437/0000327493,거짓
2023.01.02.,"[팩트체크] '뇌 먹는 아메바', 뇌를 먹는다는 건 사실?",YTN,https://n.news.naver.com/article/081/0003329464,거짓
2023.01.02.,"[팩트체크] 말많은 '신년특사', 무원칙·편파적·반성없는 사면이다?",YTN,https://n.news.naver.com/article/052/0001832996,거짓
2023.01.01.,[팩트체크] 6월부터 '만 나이'로 통일되면 정년 더 늦춰진다?,연합뉴스,https://n.news.naver.com/article/052/0001832987,거짓
2022.12.31.,"[사실은] 윤 대통령 ""국회가 무인기 예산 삭감"" 따져 보니…",SBS,https://n.news.naver.com/article/001/0013674158,논란
2022.12.31.,[노컷체크]종이테이프의 배신? 종이로 분리 배출 안된다,노컷뉴스,https://n.news.naver.com/article/055/0001024776,거짓
2022.12.31.,"[팩트와이] 한동훈의 '1,487자'는 역대 최장 설명...과거 체포동의안 이후 판결은?",YTN,https://n.news.naver.com/article/079/0003722740,거짓
2022.12.30.,[팩트체크] 당대표를 여론조사로 뽑는 나라가 없다?,이데일리,https://n.news.naver.com/article/052/0001832240,거짓
2022.12.29.,"한동훈, 노웅래 증거 공개 “당연한 임무”?…이전 장관들과 달랐다 [팩트체크]",한겨레,https://n.news.naver.com/article/421/0006548272,논란
2022.12.28.,[팩트체크] 네이버가 클라우드에 저장한 내 사진을 들여다본다?,연합뉴스,https://n.news.naver.com/article/028/0002621238,거짓
2022.12.28.,[사실은] 특별사면은 임기 초에 '유독' 많았을까,SBS,https://n.news.naver.com/article/421/0006545032,논란
2022.12.26.,"[사실은] ""여론조사로 당 대표 선출하는 나라 없다"" 사실은?",SBS,https://n.news.naver.com/article/014/0004947775,거짓
2022.12.26.,[사실은] '문 케어'가 20조 낭비 부른 정책? 내역 직접 따져 보니,SBS,https://n.news.naver.com/article/055/0001023419,사실
2022.12.25.,[사실은] 문재인 케어에 20조 원 낭비? 하나씩 따져보니,SBS,https://n.news.naver.com/article/055/0001023292,거짓
2022.12.24.,[노컷체크]야당 때 반대했던 대체공휴일…여당 되자 추진?,노컷뉴스,https://n.news.naver.com/article/014/0004946530,사실
2022.12.22.,"정진석 ""박근혜 때 정규직-비정규직 격차 10~20만원도 안나"" 거짓 [오마이팩트]",오마이뉴스,https://n.news.naver.com/article/056/0011397482,거짓
2022.12.22.,때려잡으면 지지율 오른다? 윤 정부 ‘노조회계 논란’ 뜯어봤다 [팩트 체크],한겨레,https://n.news.naver.com/article/047/0002376908,사실
2022.12.22.,"[팩트체크] 국민의힘서 전당대회 앞두고 룰 개정, 과거에도 있었다?",연합뉴스,https://n.news.naver.com/article/028/0002620275,사실
2022.12.21.,"[사실은] 윤 대통령 ""20조 재정 낭비"", 따져보니",SBS,https://n.news.naver.com/article/009/0005063667,논란
2022.12.19.,"[팩트체크] 주차장에서 자리맡기, 민폐? vs 정당행위?",YTN,https://n.news.naver.com/article/057/0001710247,거짓
2022.12.17.,[팩트와이] '마약 청정국' 표현 대체 어디에서 나왔을까?,YTN,https://n.news.naver.com/article/056/0011394469,거짓
2022.12.17.,[팩트체크] 축구협회가 선수들보다 월드컵 배당금 더 가져간다?,연합뉴스,https://n.news.naver.com/article/052/0001826871,거짓
2022.12.17.,[노컷체크]한동훈 밝힌 촉법소년 '만 13세' 근거는 어디서?,노컷뉴스,https://n.news.naver.com/article/001/0013647187,거짓
2022.12.17.,[팩트와이] '마약 청정국' 표현 대체 어디에서 나왔을까?,YTN,https://n.news.naver.com/article/079/0003718287,거짓
2022.12.17.,"[팩트체크] 한국 법인세, 다른 나라들보다 더 높다?…실효세율로 따져보니(종합)",연합뉴스,https://n.news.naver.com/article/052/0001826737,거짓
2022.12.16.,"[팩트체크] 한국 법인세, 다른 나라들보다 더 높다?…실효세율로 따져보니",연합뉴스,https://n.news.naver.com/article/057/0001709977,거짓
2022.12.15.,[팩트체크] 윤석열 정부 건강보험 정책은 보장성 축소한 첫 사례다?,연합뉴스,https://n.news.naver.com/article/001/0013646603,거짓
2022.12.14.,"[사실은] ""'52시간제', 최대 연 단위로 개편"" 따져봤더니",SBS,https://n.news.naver.com/article/001/0013643902,거짓
2022.12.14.,[팩트체크] 화물연대 파업 때문에 11월 수출액이 감소했다?,연합뉴스,https://n.news.naver.com/article/055/0001020426,논란
2022.12.14.,"[노컷체크]중대재해 예방에 핼러윈 대비 못했다…서울시 주장, 진실은?",노컷뉴스,https://n.news.naver.com/article/001/0013641669,논란
2022.12.13.,"[사실은] ""文 정부 때는 평균 5조 감액"" 사실은?",SBS,https://n.news.naver.com/article/079/0003717138,거짓
2022.12.12.,민주당 산업은행 이전 반대는 민주노총 탓? 정진석 발언은 '거짓' [오마이팩트],오마이뉴스,https://n.news.naver.com/article/055/0001019930,거짓
2022.12.12.,[알고보니] 유족 지원에 시민단체는 안돼?,MBC,https://n.news.naver.com/article/047/0002375837,거짓
2022.12.11.,"[팩트와이] ""법무부장관은 좀처럼 소송 안 했다?""...최근 장관 10명 따져보니",YTN,https://n.news.naver.com/article/214/0001240940,거짓
2022.12.10.,[노컷체크]그 많던 멧돼지는 어디에…3년 동안 27만 마리 사살,노컷뉴스,https://n.news.naver.com/article/052/0001824291,사실
2022.12.09.,"[팩트체크] 대전, 실내마스크 의무화 먼저 푼다는데…마스크 언제 벗나",연합뉴스,https://n.news.naver.com/article/079/0003716120,사실
2022.12.08.,[팩트체크] 미국·영국선 주소지 없어도 사회보장급여 신청할 수 있다?,연합뉴스,https://n.news.naver.com/article/001/0013633932,사실
2022.12.08.,[팩트체크] 코로나가 들여온 '문자·카톡 행정'…문자 업무개시명령도 효력?,연합뉴스,https://n.news.naver.com/article/001/0013630835,거짓
2022.12.07.,[팩트와이] '노란봉투법' 반대 80% vs 찬성 79%...정반대 설문조사 뭐가 맞나?,YTN,https://n.news.naver.com/article/001/0013630132,사실
2022.12.07.,[사실은] 핵심 쟁점은 '안전운임제'…국회 뭐 했나 들여다보니,SBS,https://n.news.naver.com/article/052/0001823113,거짓
2022.12.07.,尹 취임 후 야당 회동 無…예전엔 어땠나 [팩트체크],이데일리,https://n.news.naver.com/article/055/0001018719,사실
2022.12.07.,"[팩트체크] 소주 맛, 제조공장에 따라 달거나 쓰다?(종합)",연합뉴스,https://n.news.naver.com/article/009/0005056678,논란
2022.12.07.,"[팩트체크] 소주 맛, 제조공장에 따라 달거나 쓰다?",연합뉴스,https://n.news.naver.com/article/001/0013629099,논란
2022.12.07.,[팩트와이] '노란봉투법' 반대 80% vs 찬성 79%...정반대 설문조사 뭐가 맞나?,YTN,https://n.news.naver.com/article/001/0013628290,사실
2022.12.05.,[팩트체크] '국회선진화법' 이후엔 항상 정기국회 내 예산안 처리했다?,연합뉴스,https://n.news.naver.com/article/052/0001822686,논란
2022.12.05.,"[팩트체크] ""금투세는 개미학살법""? 권성동 발언 팩트체크",YTN,https://n.news.naver.com/article/001/0013624286,논란
2022.12.03.,"[노컷체크] 尹, '범죄 기반 쟁의' 경고…화물연대 파업 불법인가?",노컷뉴스,https://n.news.naver.com/article/052/0001821883,사실
2022.12.03.,"[팩트체크] '안전운임제 확대' 요구하는 화물노동자들, 이미 소득이 높다?",연합뉴스,https://n.news.naver.com/article/079/0003713842,거짓
2022.12.02.,[알고보니] 화물차 '안전운임제' 효과 있다? 없다? 따져보니,MBC,https://n.news.naver.com/article/001/0013620910,사실
2022.12.02.,"[팩트와이] ""민주노총 탈퇴 직후 포스코 주가 급등""...사실일까?",YTN,https://n.news.naver.com/article/022/0003760487,논란
2022.12.01.,[팩트체크] FIFA는 월드컵 경기서 욱일기 응원을 금지하고 있다?,연합뉴스,https://n.news.naver.com/article/022/0003760081,거짓
2022.11.29.,[팩트체크] 화물연대에 업무개시명령은 강제노동 금지한 ILO 협약 위반?(종합),연합뉴스,https://n.news.naver.com/article/022/0003759329,거짓
2022.11.29.,[팩트체크] 화물연대에 업무개시명령은 강제노동 금지한 ILO 협약 위반?,연합뉴스,https://n.news.naver.com/article/001/0013610287,거짓
2022.11.26.,[노컷체크]키즈 콘텐츠에 거대 젤리 먹방? 규제 사각지대 무방비 노출,노컷뉴스,https://n.news.naver.com/article/003/0011559660,사실
2022.11.25.,대통령 배우자가 외교 활동 중 타인의 팔짱을 낀 적이 없다? [팩트체크],이데일리,https://n.news.naver.com/article/079/0003711280,사실
2022.11.24.,"지난주 촛불집회, 경찰측 ""2만5천""-주최측 ""20만""... 검증해보니 [오마이팩트]",오마이뉴스,https://n.news.naver.com/article/437/0000322741,거짓
2022.11.24.,[팩트체크] 우리나라에도 '빈곤 포르노' 가이드라인이 있다?,연합뉴스,https://n.news.naver.com/article/047/0002373878,거짓
2022.11.22.,"[팩트체크] 이재명에 대한 검찰 수사상황 유출, 피의사실 공표죄 해당할까",연합뉴스,https://n.news.naver.com/article/021/0002542645,거짓
2022.11.21.,[팩트체크] '함부로 CPR하지 마라' 성추행으로 고소당할라?,YTN,https://n.news.naver.com/article/009/0005048443,거짓
2022.11.21.,[팩트체크] 보수정권이 집권하면 경제성장률 떨어진다?,YTN,https://n.news.naver.com/article/052/0001816202,거짓
2022.11.19.,尹정부가 낸 법안 처리 0건…역대 정권 비교해보니[노컷체크],노컷뉴스,https://n.news.naver.com/article/056/0011377698,논란
2022.11.19.,[팩트체크] 과거 국정조사서 실질적으로 진상을 규명한 사례가 없다?,연합뉴스,https://n.news.naver.com/article/079/0003708784,논란
2022.11.17.,"나경원 ""문재인 탈원전으로 석탄발전 늘었다"" 발언 '대체로 거짓' [오마이팩트]",오마이뉴스,https://n.news.naver.com/article/009/0005046734,거짓
2022.11.17.,"[팩트체크] 대통령경호처에 군 지휘권 부여한 시행령 개정, 법적근거 없다?",연합뉴스,https://n.news.naver.com/article/047/0002373165,거짓
2022.11.17.,[팩트체크] 문재인 前대통령이 풍산개 키우는 데 지금도 법적 문제 없다?,연합뉴스,https://n.news.naver.com/article/001/0013581827,사실
2022.11.15.,"""공공임대주택 예산, 삭감 아닌 정상화"" 국힘 주장은 '대체로 거짓' [오마이팩트]",오마이뉴스,https://n.news.naver.com/article/001/0013581080,사실
2022.11.15.,"이태원 참사' 희생자 명단 공개, 법적 처벌 가능할까[팩트체크]",이데일리,https://n.news.naver.com/article/047/0002373028,사실
2022.11.14.,[팩트체크] 대통령실 용산 이전 비용은 517억원? 1조806억원?,연합뉴스,https://n.news.naver.com/article/056/0011374339,사실
2022.11.14.,"文 대통령 풍산개 '파양' 논란, 사실은? [팩트체크]",이데일리,https://n.news.naver.com/article/001/0013574083,사실
2022.11.12.,[노컷체크]'본질보다는 변죽만'… 핼로윈 참사 책임자들 '말말말',노컷뉴스,https://n.news.naver.com/article/469/0000707178,사실
2022.11.11.,"[팩트체크] 대통령실의 언론사 전용기 탑승 거부, 처음 있는 일이다?",연합뉴스,https://n.news.naver.com/article/079/0003706304,거짓
2022.11.11.,‘풍산개 논란’: ③ 지켜주지 못한 마음 [팩트체크],한겨레,https://n.news.naver.com/article/001/0013570068,거짓
2022.11.11.,"‘풍산개 논란’: ② ‘파양’인가, ‘반환’인가 [팩트체크]",한겨레,https://n.news.naver.com/article/028/0002614419,거짓
2022.11.11.,‘풍산개 논란’: ① ‘곰이’와 ‘송강’의 법적 주인은 누구? [팩트체크],한겨레,https://n.news.naver.com/article/028/0002614417,사실
2022.11.09.,[팩트체크] 노인 일자리 증가? “체질 개선” vs “패륜 예산” 따져봤다,한겨레,https://n.news.naver.com/article/014/0004925931,사실
2022.11.08.,"[알고보니] 이상민 장관, 발언 잘못 왜 인정했을까",MBC,https://n.news.naver.com/article/028/0002614120,논란
2022.11.08.,[팩트체크] 과거 대형사고 발생 때 수사와 국회 국정조사 병행했다?,연합뉴스,https://n.news.naver.com/article/214/0001233833,거짓
2022.11.07.,"정진석 ""서울 시내 모든 기동대, 촛불집회 투입"" 거짓 [오마이팩트]",오마이뉴스,https://n.news.naver.com/article/022/0003751736,거짓
2022.11.07.,[팩트체크] 이태원 참사 경찰측 주장 조목조목 살펴보니,YTN,https://n.news.naver.com/article/047/0002372080,사실
2022.11.02.,[팩트체크] 주최자 없는 행사는 거의 유례 없는 일…그래서 매뉴얼 없었다?,연합뉴스,https://n.news.naver.com/article/469/0000705720,거짓
2022.11.02.,[팩트체크] 여객기 비상착륙 때는 승무원의 '반말 지시'가 원칙이다?,연합뉴스,https://n.news.naver.com/article/001/0013549317,거짓
2022.11.01.,[사실은] '선제적 개입' 권한이 없다?,SBS,https://n.news.naver.com/article/022/0003750075,거짓
2022.11.01.,"[알고보니] ""경찰 미리 배치했어도 못 막았다""?‥과거 핼로윈 보니",MBC,https://n.news.naver.com/article/055/0001010002,사실
2022.10.31.,"이태원 압사 참사, 누군가 밀어서 발생했다? [팩트체크]",이데일리,https://n.news.naver.com/article/437/0000319723,사실
2022.10.31.,[팩트체크] 대통령의 국회 시정연설은 노태우 정부 때 시작됐다?,연합뉴스,https://n.news.naver.com/article/018/0005355107,거짓
2022.10.31.,[노컷체크]가스유출·마약? 떠도는 '가짜뉴스' 배경엔 집단 트라우마,노컷뉴스,https://n.news.naver.com/article/001/0013543418,거짓
2022.10.29.,"[노컷체크]핵폐기물 임시 저장소, 영구 처분장 될까?",노컷뉴스,https://n.news.naver.com/article/629/0000181165,거짓
2022.10.29.,[알고보니] 남산 촬영 명소인데‥대통령 관저 찍으면 처벌?,MBC,https://n.news.naver.com/article/079/0003701235,사실
2022.10.27.,[팩트체크] 청소년 마약 범죄 증가한다는데…얼마나 늘고 있나,연합뉴스,https://n.news.naver.com/article/022/0003748640,거짓
2022.10.26.,"[알고보니] 새 대통령 관저, 촬영하면 처벌?",MBC,https://n.news.naver.com/article/056/0011363662,사실
2022.10.26.,[팩트체크] '검언유착 의혹' 수사 때 채널A 압수수색 며칠씩 했다?,연합뉴스,https://n.news.naver.com/article/057/0001698827,거짓
2022.10.26.,"[팩트체크] 안면인식 CCTV, 국내에도 곧 도입된다?",연합뉴스,https://n.news.naver.com/article/001/0013530796,거짓
2022.10.25.,[사실은] 개막식 때는 안 그랬던 시진핑…폐막식 때는 왜?,SBS,https://n.news.naver.com/article/629/0000180369,사실
2022.10.25.,[팩트체크] 국회 시정연설에 야당이 추가조건 붙인 적은 헌정사상 없다?,연합뉴스,https://n.news.naver.com/article/055/0001008268,거짓
2022.10.24.,[팩트체크] 유튜버까지 나선 '망 사용료' 논란..접속료인데? vs 무임승차하나?,YTN,https://n.news.naver.com/article/001/0013527820,사실
2022.10.24.,"[팩트체크] 이재명 ""유사시 한반도에 日자위대 들어올 수 있다""",YTN,https://n.news.naver.com/article/052/0001804574,사실
2022.10.23.,[팩트와이] 선진국에서는 음식 이름 앞에 '마약' 안 붙인다？,YTN,https://n.news.naver.com/article/052/0001804573,거짓
2022.10.22.,[노컷체크]20년 째 바뀌지 않는 순위… 수돗물 UN 수질 세계 8위?,노컷뉴스,https://n.news.naver.com/article/052/0001804244,사실
2022.10.21.,"‘사상 초유의 당사 압수수색’이라는 민주당 측 입장, 사실일까 [팩트체크]",이데일리,https://n.news.naver.com/article/079/0003698642,사실
2022.10.21.,"[사실은] ""국회가 카카오 논리대로 법안 폐기"" 따져 보니…",SBS,https://n.news.naver.com/article/018/0005346997,사실
2022.10.21.,[팩트체크] 제1야당 당사 압수수색은 군부독재 종식 후 처음?,연합뉴스,https://n.news.naver.com/article/055/0001007501,논란
2022.10.20.,민주당 겨눈 검찰총장 “청와대도 압수수색했는데…” 정말? [팩트체크],한겨레,https://n.news.naver.com/article/469/0000703185,거짓
2022.10.20.,[팩트체크] 한국의 유엔인권이사국 첫 낙선은 대북정책 탓? 외교실책 탓?,연합뉴스,https://n.news.naver.com/article/421/0006404405,거짓
2022.10.19.,[사실은] 사고 나도 금세 복구됐던 미국… 카카오는 왜?,SBS,https://n.news.naver.com/article/001/0013516828,논란
2022.10.19.,"김문수 ""민주노총 산별위원장과 만났다"" 대체로 거짓 [오마이팩트]",오마이뉴스,https://n.news.naver.com/article/055/0001007051,논란
2022.10.19.,[팩트체크] 유튜브·넷플릭스는 국내 인터넷망에 무임승차한다?,연합뉴스,https://n.news.naver.com/article/047/0002369848,거짓
2022.10.18.,[팩트체크] '카카오 복구 상황' 재난문자 발송은 국민 세금 낭비다?,연합뉴스,https://n.news.naver.com/article/001/0013514152,논란
2022.10.18.,나이키·에르메스 팔아 수익 챙기는 '리셀 테크'가 불법이다? [팩트체크],이데일리,https://n.news.naver.com/article/001/0013513018,사실
2022.10.18.,[팩트체크] 수액 맞고 ‘몸세탁’하면 마약 검출 피할 수 있다?,한겨레,https://n.news.naver.com/article/018/0005344106,거짓
2022.10.17.,[팩트체크] 9·19 군사합의 체결 이후 접경 지역서 군사적 충돌 없었다?,연합뉴스,https://n.news.naver.com/article/437/0000317865,거짓
2022.10.17.,"[사실은] ""한미 훈련 시작되면 도발 중단"" 사실은?",SBS,https://n.news.naver.com/article/001/0013510067,거짓
2022.10.15.,[노컷체크]복붙 인생 '손창현' 활동 재개…또 표절작품으로 수상,노컷뉴스,https://n.news.naver.com/article/022/0003744809,거짓
2022.10.14.,"[사실은] 北 미사일 도발, 핵실험과 관련 있다?",SBS,https://n.news.naver.com/article/025/0003230797,거짓
2022.10.14.,"[팩트체크] 감사원, 권익위 상대로 '불법 디지털 포렌식' 벌였다?",연합뉴스,https://n.news.naver.com/article/055/0001005974,사실
2022.10.13.,"[팩트체크] 박수홍씨 가족들, '친족상도례'로 재산범죄 처벌 피할 수 있다?",연합뉴스,https://n.news.naver.com/article/001/0013504280,사실
2022.10.13.,"[사실은] 국지성 호우, 최근 들어 정말 잦아졌나요?",SBS,https://n.news.naver.com/article/021/0002535703,거짓
2022.10.12.,[팩트체크] 정경심 전 교수에 내려진 '1개월 형집행정지'는 전례 없다?,연합뉴스,https://n.news.naver.com/article/031/0000702618,논란
2022.10.11.,AI 그림 ‘커미션’ 받고 팔면 불법일까 [팩트체크],이데일리,https://n.news.naver.com/article/001/0013499171,거짓
2022.10.11.,‘여가부 폐지’가 독일식 모델이라고요? [팩트체크],한겨레,https://n.news.naver.com/article/437/0000317114,거짓
2022.10.11.,"[팩트체크] 이재명, ""국민의힘 정강정책에도 기본소득 명시돼있다""",YTN,https://n.news.naver.com/article/028/0002609779,사실
2022.10.09.,[팩트체크] 장관 해임건의안은 무조건 72시간 내 국회서 표결해야 한다?,연합뉴스,https://n.news.naver.com/article/052/0001799376,거짓
2022.10.07.,[알고보니] 대통령 풍자가 정치적?‥과거 수상작 어땠나 보니,MBC,https://n.news.naver.com/article/001/0013492063,거짓
2022.10.07.,"[사실은] 푸틴에 맞선 언론인, 노벨 평화상 메달 판 이유",SBS,https://n.news.naver.com/article/214/0001227181,사실
2022.10.07.,[팩트와이] '윤석열차' 표절？...영국 '원작자' 말 들어보니,YTN,https://n.news.naver.com/article/055/0001004579,거짓
2022.10.07.,국내 문화·예술계에 병역혜택이 42개 있다? [팩트체크],이데일리,https://n.news.naver.com/article/052/0001798455,논란
2022.10.07.,[팩트와이] '윤석열차' 표절？...영국 '원작자' 말 들어보니,YTN,https://n.news.naver.com/article/018/0005336441,거짓
2022.10.07.,"[팩트체크] 감사원, 조사 거부한 문재인 前대통령 강제조사해야 한다?",연합뉴스,https://n.news.naver.com/article/052/0001798318,사실
2022.10.06.,[팩트체크] 풍자만화 '윤석열차'는 외국 작품 베낀 표절이다?,연합뉴스,https://n.news.naver.com/article/421/0006378232,거짓
2022.10.06.,[팩트체크] 전기요금 올리면 무역적자 개선된다?,연합뉴스,https://n.news.naver.com/article/001/0013487402,거짓
2022.10.01.,한미 ‘통화스와프’가 환율 급등을 막을 수 있다? [팩트체크],이데일리,https://n.news.naver.com/article/022/0003740139,거짓
2022.10.01.,"[노컷체크]치킨, 전자레인지에 데워 먹으면…배아프다?",노컷뉴스,https://n.news.naver.com/article/018/0005331165,거짓
2022.10.01.,"[팩트와이] 기본소득 도입 국가, 지구상에 없다？",YTN,https://n.news.naver.com/article/079/0003691402,거짓
2022.09.30.,[알고보니] 대통령 앞에서 문제제기?‥성평등 지표 어떻길래,MBC,https://n.news.naver.com/article/052/0001795901,거짓
2022.09.30.,"윤 대통령 ""2살 안 된 애들은 집에만 있는 줄""... 검증해보니 [오마이팩트]",오마이뉴스,https://n.news.naver.com/article/214/0001225766,사실
2022.09.30.,"[사실은] ""선진국 파업 손해배상 제한 없다"" 사실은?",SBS,https://n.news.naver.com/article/047/0002367819,사실
2022.09.29.,[사실은] 파업 이후 손해배상 소송…해외 사례는 어떨까,SBS,https://n.news.naver.com/article/055/0001002976,논란
2022.09.29.,"오세훈 ""싱가포르 외국인 가사도우미 38만~76만원"" '대체로 거짓' [오마이팩트]",오마이뉴스,https://n.news.naver.com/article/055/0001002842,거짓
2022.09.28.,[팩트와이] 한일 정상 30분 대화...'회담' 아니다?,YTN,https://n.news.naver.com/article/031/0000700250,거짓
2022.09.28.,"[팩트체크] 한일 정상회담, 이번엔 한국이 일본 찾아갈 차례였다?",연합뉴스,https://n.news.naver.com/article/022/0003739185,사실
2022.09.28.,[노컷체크]尹발언 '이XX→F***er' 외신 번역은 과하다?,노컷뉴스,https://n.news.naver.com/article/014/0004905791,거짓
2022.09.28.,[팩트와이] 한일 정상 30분 대화...'회담' 아니다?,YTN,https://n.news.naver.com/article/079/0003690167,거짓
2022.09.28.,7억 청와대 화장실 논란 들여다보니..'사진 설명' 오해가 발단[팩트체크],머니투데이,https://n.news.naver.com/article/052/0001794474,논란
2022.09.26.,[팩트체크] '영빈관 신축 논란' 비용부터 탁현민 발언까지,YTN,https://n.news.naver.com/article/022/0003738768,거짓
2022.09.24.,"[노컷체크]'바이든', '날리면'…온 국민 청력 테스트 논쟁 결과는?",노컷뉴스,https://n.news.naver.com/article/014/0004903646,논란
2022.09.23.,‘노란봉투법’이 ‘불법 파업’에 대한 손해배상 책임을 없앤다? [팩트체크],이데일리,https://n.news.naver.com/article/079/0003688732,거짓
2022.09.23.,"[팩트와이] '북한' 빠진 유엔 연설, 尹 대통령이 처음이다?",YTN,https://n.news.naver.com/article/022/0003737475,논란
2022.09.22.,"[알고보니] 한일 정상 만남, '약식회담', '간담' 맞는 용어는?",MBC,https://n.news.naver.com/article/052/0001792670,거짓
2022.09.22.,[사실은] 군인들 옷 살 돈 깎았다? 누구 말이 맞을까,SBS,https://n.news.naver.com/article/214/0001223979,논란
2022.09.22.,"[팩트와이] '북한' 빠진 유엔 연설, 尹 대통령이 처음이다?",YTN,https://n.news.naver.com/article/055/0001001268,논란
2022.09.22.,[팩트체크] 대통령 전용병원이 어디인지는 법령상 비밀이다?,연합뉴스,https://n.news.naver.com/article/052/0001792523,거짓
2022.09.22.,[팩트체크] 유엔 연설서 '북한' 언급 안한 건 윤석열 대통령이 처음?,연합뉴스,https://n.news.naver.com/article/001/0013456722,논란
2022.09.21.,"""김건희 베일 모자는 영국 왕족만?"" 검증해보니 [오마이팩트]",오마이뉴스,https://n.news.naver.com/article/421/0006347720,거짓
2022.09.21.,"[사실은] 윤석열 정부의 '첫' 성인지 예산안, 줄었을까요?",SBS,https://n.news.naver.com/article/047/0002366792,거짓
2022.09.20.,"尹, 영국서 조문 홀대·외교 결례 있었나?[팩트체크]",이데일리,https://n.news.naver.com/article/055/0001000908,거짓
2022.09.20.,"[팩트와이] 국내 전기차 보조금, 테슬라가 쓸어간다?",YTN,https://n.news.naver.com/article/021/0002531846,거짓
2022.08.20.,"김해 고인돌 훼손, 민주 '전'시장 때인데 국힘 '현'시장이 왜 고발됐나[팩트체크]",머니투데이,https://n.news.naver.com/article/052/0001791241,거짓
2022.07.29.,[팩트체크]'마약 재범' 한서희 징역 1년6개월…'유예된 3년' 왜 사라졌나,머니투데이,https://n.news.naver.com/article/015/0004737344,거짓
2022.07.21.,北 11세 유튜버 '송아' 보면 잡혀가나요?…'좋아요' 꾹 조심[팩트체크],머니투데이,https://n.news.naver.com/article/008/0004776729,거짓
2022.07.03.,이근 '우크라' 전쟁 참전했다는데…'사전죄' 처벌 못한다?[팩트체크],머니투데이,https://n.news.naver.com/article/003/0011307429,사실
2022.06.27.,"일 많을 때 주 52시간 초과 근무, 지금은 불가능? [팩트체크]",한겨레,https://n.news.naver.com/article/008/0004766220,사실
2022.06.14.,"""화물연대는 노조 아냐""라는 노동장관, 사실일까?[팩트체크]",머니투데이,https://n.news.naver.com/article/028/0002596249,거짓
2022.06.08.,[팩트체크] 안전운임제로 운임 30~40% 올랐다고요?,한겨레,https://n.news.naver.com/article/008/0004757977,논란
2022.05.21.,유승준이 '스티브 유'됐던 그해 타임라인…판결문 통해 짚어보니[팩트체크],머니투데이,https://n.news.naver.com/article/028/0002593848,사실
2022.05.16.,"""골프공에 맞아 실명""…누구 책임? '3가지 사례' 비교 [팩트체크]",머니투데이,https://n.news.naver.com/article/008/0004748951,사실
2022.05.15.,"스승의날, 작년 담임에겐 선물해도 김영란법 안 걸릴까?[팩트체크]",머니투데이,https://n.news.naver.com/article/008/0004746111,사실
2022.05.12.,"尹정부 들어서니 야동 https 차단 해제? ""사실 아냐""[팩트체크]",머니투데이,https://n.news.naver.com/article/008/0004745984,거짓
2022.05.09.,검찰이 2019년 압수한 조국 딸 '다이어리'는 '일기장'일까[팩트체크],머니투데이,https://n.news.naver.com/article/008/0004744666,거짓
2022.05.03.,"[팩트체크] 경찰이 검찰에 넘긴 사건, 여죄수사 된다? 안 된다?",한겨레,https://n.news.naver.com/article/008/0004743458,논란
2022.04.05.,"[팩트체크] 잘못된 사실, 맥락 삭제… 이수정 교수의 위험한 주장",한겨레,https://n.news.naver.com/article/028/0002589171,거짓
2022.03.24.,[팩트체크]카카오에 평균연봉 역전당한 네이버..진짜일까 따져보니,머니투데이,https://n.news.naver.com/article/028/0002585573,거짓
2022.03.13.,"""당선되니 보복""이라는 서울의소리…알고보니 '폐문부재' 탓[팩트체크]",머니투데이,https://n.news.naver.com/article/008/0004724060,거짓
2022.03.06.,[팩트체크]'상속세 8조원'에 넥슨 경영권 휘청? 오해와 진실,머니투데이,https://n.news.naver.com/article/008/0004719128,거짓
2022.03.02.,"[팩트체크] 이재명, 증세두고 ‘좌파적 관념’ ‘자폭행위’ 말한 적 없다?",한겨레,https://n.news.naver.com/article/008/0004716476,거짓
2022.02.28.,[팩트체크] “성인지예산으로 핵위협 막자”?…가짜뉴스 읊는 윤석열,한겨레,https://n.news.naver.com/article/028/0002581278,사실
2022.02.27.,"[노컷체크]윤석열, 우크라전쟁 똑바로 알고 있나",노컷뉴스,https://n.news.naver.com/article/028/0002580939,사실
2022.02.22.,[팩트체크] 이재명 “IMF가 국가채무비율 85% 권고했다”…사실은,한겨레,https://n.news.naver.com/article/015/0004667115,사실
2022.02.22.,[팩트체크] 이재명 ‘기축통화’ 발언…‘IMF SDR’과 혼돈해서?,한겨레,https://n.news.naver.com/article/028/0002580188,사실
2022.02.22.,"[팩트체크] 이재명 “공약 이행 95%, 다 지켰다” 주장, 그 진실?",한겨레,https://n.news.naver.com/article/028/0002580175,거짓
2022.02.22.,"[팩트체크] 이재명 ""한국, 기축통화국될 수도""…정말일까",머니투데이,https://n.news.naver.com/article/028/0002580157,사실
2022.02.22.,[팩트체크] 윤석열이 언급한 ‘이재명 게이트’의 진실은?,한겨레,https://n.news.naver.com/article/008/0004711367,거짓
2022.02.22.,[팩트체크] 윤석열 “국물도 없다? 정치 보복?” 발언 진위는?,한겨레,https://n.news.naver.com/article/028/0002580112,거짓
2022.02.18.,[팩트체크] ‘광주 복합쇼핑몰’ 무산…정말 민주당 반대 때문일까?,한겨레,https://n.news.naver.com/article/028/0002580108,거짓
2022.02.14.,[팩트체크] 윤석열 “이재명 ‘스냅백’은 친중·친북·반미”…사실일까?,한겨레,https://n.news.naver.com/article/015/0004664779,사실
2022.02.13.,[팩트체크] 브룩스 전 사령관 “사드 추가 배치 필요없다”고 했다,한겨레,https://n.news.naver.com/article/028/0002579122,거짓
2022.02.11.,[팩트체크] 윤 “김건희 계좌 다 공개했다”…2011~2012는 비공개,한겨레,https://n.news.naver.com/article/028/0002578996,거짓
2022.02.08.,"[팩트체크] 윤석열 “독, 원전 많은 프랑스서 전기 수입” 진실은?",한겨레,https://n.news.naver.com/article/028/0002578917,사실
2022.02.04.,"[팩트체크] 윤석열의 최저임금, 이재명의 공공주택, 심상정의 종부세",한겨레,https://n.news.naver.com/article/028/0002578291,사실
2022.02.04.,"[팩트체크] 윤석열 “사드 추가” 근거, 박근혜 정부도 일축했다",한겨레,https://n.news.naver.com/article/028/0002577958,거짓
2022.02.04.,[팩트체크] 이재명 “공공주택은 기초단체가 못 만든다” 진실은?,한겨레,https://n.news.naver.com/article/028/0002577946,논란
2022.02.04.,[팩트체크] 심상정 “25억원짜리 집 종부세가 50만원” 진실은?,한겨레,https://n.news.naver.com/article/028/0002577927,논란
2022.02.04.,"[팩트체크] 윤석열, 최저임금·52시간 폐지 주장한 적 없다?",한겨레,https://n.news.naver.com/article/028/0002577921,논란
2022.01.29.,"""엥? 이재명이 여섯번째라고"" 여론조사 질문순서가…[팩트체크]",머니투데이,https://n.news.naver.com/article/028/0002577912,거짓
2022.01.13.,MBC의 '김건희 7시간 통화' 방송공개…'불법'일까[팩트체크],머니투데이,https://n.news.naver.com/article/008/0004702515,거짓
2021.12.31.,[팩트체크] 검찰은 평균 1.2회 통신조회? “큰 사건은 100회 넘기도”,한겨레,https://n.news.naver.com/article/008/0004695892,거짓
2021.12.24.,박근혜 '사면·복권'이 '전직 대통령 예우'복원이라고?[팩트체크],머니투데이,https://n.news.naver.com/article/028/0002573815,거짓
2021.12.14.,[팩트체크] “n번방 방지법은 검열” 윤석열이 틀린 3가지 이유,한겨레,https://n.news.naver.com/article/008/0004687858,사실
2021.11.21.,"유승준 향한 가짜뉴스""관광비자 입국가능""·""탈세목적""[팩트체크]",머니투데이,https://n.news.naver.com/article/028/0002571538,거짓
2021.11.10.,"[팩트체크] ‘재고 한 달’ 요소수, 올겨울 전력대란 부른다?",한겨레,https://n.news.naver.com/article/008/0004673176,거짓
2021.10.28.,"황무성 전 성남도개공 사장, 사기꾼이라 사표강요? 판결문보니[팩트체크]",머니투데이,https://n.news.naver.com/article/028/0002567281,논란
2021.10.24.,"기자 연락처까지…공개저격한 추미애, 형사처벌되나[팩트체크]",머니투데이,https://n.news.naver.com/article/008/0004662679,거짓
2021.10.23.,[팩트 체크] 건보공단 상담사 소속기관화가 ‘청년 일자리 빼앗기’?,한겨레,https://n.news.naver.com/article/008/0004660709,논란
2021.10.16.,조재범·심석희 성폭행 판결문…공개·열람은 불법?2차가해?[팩트체크],머니투데이,https://n.news.naver.com/article/028/0002564951,논란
2021.10.16.,"[팩트체크]기상청 슈퍼컴퓨터 헐값처분, 정말 나랏돈 낭비였나",머니투데이,https://n.news.naver.com/article/008/0004657426,거짓
2021.10.13.,"평창 결승전 '고의충돌'논란 심석희, 연금도 환수?[팩트체크]",머니투데이,https://n.news.naver.com/article/008/0004657394,거짓
2021.10.12.,"무효표'논란 민주당 경선 룰, 이낙연이 만들었다?[팩트체크]",머니투데이,https://n.news.naver.com/article/008/0004655644,거짓
2021.10.12.,"심석희, 평창 결승전 '고의충돌'이라면 '형사처벌'받을까[팩트체크]",머니투데이,https://n.news.naver.com/article/008/0004655446,거짓
2021.10.11.,"이재명·이낙연 '사사오입'논란, 법원가면 누가 유리?[팩트체크]",머니투데이,https://n.news.naver.com/article/008/0004655026,거짓
2021.10.09.,"심석희 파문, 조재범 '성폭행'혐의 3심 판결에 영향 줄까[팩트체크]",머니투데이,https://n.news.naver.com/article/008/0004654953,거짓
2021.10.02.,안희정도 권순일이 날렸다?[팩트체크],머니투데이,https://n.news.naver.com/article/008/0004654661,거짓
2021.10.02.,"노엘, 술 마시는 CCTV 있는데 음주운전 아니라니[팩트체크]",머니투데이,https://n.news.naver.com/article/008/0004651817,거짓
2021.09.28.,"[팩트체크]진중권 ""특검 수용해 한동훈 수사시켜라""…與 ""여론 호도""",머니투데이,https://n.news.naver.com/article/008/0004651756,거짓
2021.09.21.,"""명절마다 싸운다""…연휴 끝나면 정말 이혼 급증할까?[팩트체크]",머니투데이,https://n.news.naver.com/article/008/0004649960,거짓
2021.09.20.,"""취해보였다""던 노엘, 혈중 알코올 농도는 알 수 없는 이유[팩트체크]",머니투데이,https://n.news.naver.com/article/008/0004647344,사실
2021.09.18.,조성은 출국금지 못해?…'김학의 불법출금'도 했는데?[팩트체크],머니투데이,https://n.news.naver.com/article/008/0004647305,거짓
2021.09.17.,오세훈 “박 전 시장이 시민단체 보호막 쳐놨다”…팩트체크 해보니,한겨레,https://n.news.naver.com/article/008/0004647018,논란
2021.09.11.,"그 법원 주차 힘들다던데…항상 같은 자리에 주차하는 조국 부부, 특혜?[팩트체크]",머니투데이,https://n.news.naver.com/article/028/0002560912,거짓
2021.09.09.,경찰이 부순 가세연 강용석·김세의 현관문 누가 고쳐야할까[팩트체크],머니투데이,https://n.news.naver.com/article/008/0004643867,거짓
2021.08.26.,"아프간인들 '특별공로자'신분, '영주·귀화'자격?[팩트체크]",머니투데이,https://n.news.naver.com/article/008/0004642789,거짓
2021.08.18.,"이재명과 떡볶이 '먹방' 황교익…""학교 앞 금지"" 발언은 틀렸다[팩트체크]",머니투데이,https://n.news.naver.com/article/008/0004636448,거짓
2021.08.17.,탈레반에 '개구리군복' 판 한국 구제옷 도매상 처벌받나[팩트체크],머니투데이,https://n.news.naver.com/article/008/0004632680,거짓
2021.08.17.,이준석·송영길 논란에도…'당대표 탄핵'은 불가능하다?[팩트체크],머니투데이,https://n.news.naver.com/article/008/0004632354,사실
2021.08.16.,"김어준 '딴지·다스뵈이다', 열린공감TV도 '언론징벌법' 대상맞다[팩트체크]",머니투데이,https://n.news.naver.com/article/008/0004631709,거짓
2021.08.03.,김용건 피소…'낙태죄' 폐지됐는데 '낙태강요죄'가 있다?[팩트체크],머니투데이,https://n.news.naver.com/article/008/0004631638,거짓
2021.08.03.,이재명 형수욕설'…'과거 판결'근거로 차단해도 된다?[팩트체크],머니투데이,https://n.news.naver.com/article/008/0004625891,사실
2021.07.28.,"""제주도 기름값 너무 비싸""…담합 같은데 처벌은 못한다?[팩트체크]",머니투데이,https://n.news.naver.com/article/008/0004625512,사실
2021.07.28.,"진술 뒤집은 조민 친구 ""위증 아니다""는 법조계, 왜?[팩트체크]",머니투데이,https://n.news.naver.com/article/008/0004623080,거짓
2021.07.20.,"채널A 이동재 사건, '검언유착'프레임 누가 먼저 썼나[팩트체크]",머니투데이,https://n.news.naver.com/article/008/0004622875,논란
2021.07.14.,"철구 ""새엄마 찾기, 안 했다""…'딸 아동학대'보도에 법적대응[팩트체크]",머니투데이,https://n.news.naver.com/article/008/0004618726,거짓
2021.06.07.,"女중사 사건, '국선변호인' 아니라 '피해자국선변호사'[팩트체크]",머니투데이,https://n.news.naver.com/article/008/0004615967,거짓
2021.05.25.,"머니게임 파이, 공혁준·육지담·니갸르 제3자통화 폭로…징역형?[팩트체크]",머니투데이,https://n.news.naver.com/article/008/0004598327,거짓
2021.05.20.,"""손정민 친구 수상해"" 방구석 탐정들…이런 경우엔 처벌될 수도[팩트체크]",머니투데이,https://n.news.naver.com/article/008/0004592227,거짓
2021.04.30.,"""개XX들아 너희가 대법관이냐""욕설한 오병윤, '법정모욕죄'처벌?[팩트체크]",머니투데이,https://n.news.naver.com/article/008/0004589683,거짓
2021.04.23.,온실가스 배출총량 같은데…“감축목표 1차 상향” 팩트체크 해보니,한겨레,https://n.news.naver.com/article/008/0004581110,논란
2021.04.22.,"면책특권' 벨기에 대사 부인, '손해배상'소송은 가능?[팩트체크]",머니투데이,https://n.news.naver.com/article/028/0002541697,사실
2021.04.19.,[팩트체크] 혐중 감정 부추기는 차이나타운 청원글,한겨레,https://n.news.naver.com/article/008/0004576771,거짓
2021.04.19.,[팩트체크] 강원도가 혈세 1조 들여 차이나타운을?,한겨레,https://n.news.naver.com/article/028/0002541030,거짓
2021.04.05.,[팩트체크] 경의선 숲길이 ‘오세훈 작품’이라고?,한겨레,https://n.news.naver.com/article/028/0002540982,거짓
2021.04.03.,박영선·오세훈 후보 '중도사퇴'하면 '30억 이상' 손해보는 이유는[팩트체크],머니투데이,https://n.news.naver.com/article/028/0002539149,논란
2021.03.31.,[팩트체크] 이스라엘이 한국의 백신면역 배웠나? 오세훈은 코이카 청년 일자리 빼앗았나?,한겨레,https://n.news.naver.com/article/008/0004567543,논란
2021.03.29.,"[팩트체크]與, 화교 표심에 호소…중국인이 서울시장에 투표한다?",머니투데이,https://n.news.naver.com/article/028/0002538436,거짓
2021.03.23.,"""아빠 거지 똥차"" 맥라렌 차주, 협박·모욕죄 처벌 어렵다[팩트체크]",머니투데이,https://n.news.naver.com/article/008/0004564075,사실
2021.03.19.,"티팬티 입고 커피숍 간 男…""처벌 어렵다"" 이유는[팩트체크]",머니투데이,https://n.news.naver.com/article/008/0004561052,논란
2021.03.17.,[팩트체크] 공시가격 뛰어 1주택자도 세금폭탄? 은퇴자는 직격탄?,한겨레,https://n.news.naver.com/article/008/0004559923,거짓
2021.03.02.,"[팩트체크]국민의힘, '4번 후보' 안철수 선거운동 가능?",머니투데이,https://n.news.naver.com/article/028/0002536574,논란
2021.02.17.,"[팩트체크]우상호·김진애, 예비후보 아니라고?",머니투데이,https://n.news.naver.com/article/008/0004550679,거짓
2021.02.01.,[팩트체크]서울에 사는 모든 외국인은 서울시장을 뽑는다?,머니투데이,https://n.news.naver.com/article/008/0004544765,사실
2021.01.21.,[팩트체크] 법원이 임대료 5%룰을 뒤집었다고요?,한겨레,https://n.news.naver.com/article/008/0004537278,사실
2021.01.20.,"[팩트체크]이재용 부회장, 정부 허락 없으면 삼성전자 복귀 못한다?",머니투데이,https://n.news.naver.com/article/028/0002529704,거짓
2021.01.19.,"세대수 늘어 집값 상승?…국민의힘, 대통령 발언 ‘팩트체크’",한겨레,https://n.news.naver.com/article/008/0004531460,거짓
2021.01.17.,"[팩트체크] 삼중수소, 바나나 6개, 멸치 1그램",한겨레,https://n.news.naver.com/article/028/0002529186,거짓
2021.01.13.,정인이 양모' 뒤늦게 살인죄 적용…'신상공개'는?[팩트체크],머니투데이,https://n.news.naver.com/article/028/0002528897,거짓
2021.01.09.,"수도관·계량기·보일러 동파, 세입자-집주인 누구 책임?[팩트체크]",머니투데이,https://n.news.naver.com/article/008/0004528084,사실
2021.01.06.,서울시장선거 앞둔 나경원·박영선 '아내의맛'출연 선거법위반?[팩트체크],머니투데이,https://n.news.naver.com/article/008/0004525979,거짓
2020.12.14.,"""윤석열은 증인에게 질문할 권한 없다""는 법무부, 타당할까[팩트체크]",머니투데이,https://n.news.naver.com/article/008/0004524620,논란
2020.12.12.,[팩트체크]윤석열 측 징계위원 기피신청은 권한 남용일까,머니투데이,https://n.news.naver.com/article/008/0004513969,사실
2020.12.11.,기피신청 두고 말 다른 윤석열과 징계위 [팩트체크],머니투데이,https://n.news.naver.com/article/008/0004513458,거짓
2020.12.09.,"한동훈 감찰용' 통화기록, 尹감찰에 쓴 박은정, 적법할까[팩트체크]",머니투데이,https://n.news.naver.com/article/008/0004513315,논란
2020.11.18.,"[팩트체크]정자 기증 통해 비혼모된 사유리, 한국에선 불법?",머니투데이,https://n.news.naver.com/article/008/0004511973,사실
2020.11.18.,[팩트체크] 비혼은 정자기증·시술 불법? 복지부 “학회 지침”일 뿐이라지만…,한겨레,https://n.news.naver.com/article/008/0004501528,논란
2020.11.13.,英도 '한동훈 방지법' 있다는 秋…들여다보니 '논란 덩어리'[팩트체크],머니투데이,https://n.news.naver.com/article/028/0002520677,거짓
2020.10.31.,"""'김봉현 술접대' 현직검사는 이 사람""…신뢰할 수 있나[팩트체크]",머니투데이,https://n.news.naver.com/article/008/0004499302,사실
2020.10.30.,"술접대 의혹' 검사 실명 공개, 처음이 아니다 [팩트체크]",머니투데이,https://n.news.naver.com/article/008/0004492820,사실
2020.10.30.,"""일 줄이고 덜 벌면 되잖아"" 택배기사 과로사에 쏟아진 말[팩트체크]",머니투데이,https://n.news.naver.com/article/008/0004492611,사실
2020.10.29.,[팩트체크] ‘민주화운동 관련자 전형’을 둘러싼 오해와 진실,한겨레,https://n.news.naver.com/article/008/0004492456,거짓
2020.10.23.,"[팩트체크]독감백신, 국산이 문제고 수입은 괜찮다?…사실은",머니투데이,https://n.news.naver.com/article/028/0002518202,사실
2020.10.13.,"""관광비자로 오면 되잖아""…유승준 소송에 쏟아진 가짜뉴스[팩트체크]",머니투데이,https://n.news.naver.com/article/008/0004488992,거짓
2020.10.02.,세금 퍼주기 펀드? 뉴딜펀드가 뭐길래[밥상머리 팩트체크],머니투데이,https://n.news.naver.com/article/008/0004483069,거짓
2020.10.01.,[팩트체크] ‘차별금지법 반대’ 보수 기독교계의 핵심주장 7가지,한겨레,https://n.news.naver.com/article/008/0004478942,거짓
2020.10.01.,-2%? +0.1%? 2020년 경제성적표는[밥상머리 팩트체크],머니투데이,https://n.news.naver.com/article/028/0002514819,거짓
2020.09.25.,北사살 공무원 '순직' 인정될까[팩트체크],머니투데이,https://n.news.naver.com/article/008/0004478784,거짓
2020.09.23.,"""LG화학 사라"" 보고서 쓰고, 정작 증권사들은 팔았다? [팩트체크]",머니투데이,https://n.news.naver.com/article/008/0004476836,거짓
2020.09.02.,"남원시가 사들인 공공의대 부지, 공시지가 6.6배?[팩트체크]",머니투데이,https://n.news.naver.com/article/008/0004475029,거짓
2020.09.01.,"[팩트체크] ""북한에 의사 보내자"" 법안, 통합당도 냈었다?",머니투데이,https://n.news.naver.com/article/008/0004465174,거짓
2020.08.23.,[팩트체크]연 2000만원 이하 임대소득 건보료 폭탄?…따져보니,머니투데이,https://n.news.naver.com/article/008/0004464506,거짓
2020.08.21.,"[팩트체크]요즘 확진자 ""광화문 집회 감염"" 아니라고?",머니투데이,https://n.news.naver.com/article/008/0004459419,거짓
2020.08.10.,"[팩트체크]산사태는 태양광 때문, 홍수는 4대강 없어서?",머니투데이,https://n.news.naver.com/article/008/0004458702,거짓
2020.08.05.,[팩트체크]미래통합당의 약칭은 미통당? 통합당?,머니투데이,https://n.news.naver.com/article/008/0004453048,거짓
2020.08.03.,"[팩트체크]이수정 교수, '장자연 사건' 덮자?…실제 칼럼 봤더니",머니투데이,https://n.news.naver.com/article/008/0004450717,거짓
2020.07.27.,[팩트체크] 현정부 3년 서울집값 상승률 11%? 52%?,한겨레,https://n.news.naver.com/article/008/0004449647,사실
2020.07.23.,[팩트체크]추미애가 쓴 '수명자' 흔한 말인지 검색해봤다,머니투데이,https://n.news.naver.com/article/028/0002506488,거짓
2020.07.22.,[팩트체크] 8월 17일 임시공휴일 지정 '김경수 살리기'다?,머니투데이,https://n.news.naver.com/article/008/0004444149,거짓
2020.07.17.,"대통령에 신발 던진 50대, 폭행죄 처벌받을까[팩트체크]",머니투데이,https://n.news.naver.com/article/008/0004443816,거짓
2020.07.14.,[팩트체크]박원순 성추행 가해자 취급…'사자 명예훼손' 처벌?,머니투데이,https://n.news.naver.com/article/008/0004441383,거짓
2020.07.13.,"[팩트체크]이해찬 ""후레자식"" 모욕죄 형사처벌 되나",머니투데이,https://n.news.naver.com/article/008/0004439403,거짓
2020.07.10.,"[팩트체크]이춘재는 '공소권' 없어도 수사, 박원순은 '수사 종결' 이유는",머니투데이,https://n.news.naver.com/article/008/0004438787,거짓
2020.07.05.,[팩트체크]의붓아들 살해한 천안 계모 '조선족' 아니다,머니투데이,https://n.news.naver.com/article/008/0004438057,사실
2020.07.03.,[팩트체크]차별금지법 없어도 '진정한 약자'들은 보호받고 있다?,머니투데이,https://n.news.naver.com/article/008/0004435200,사실
2020.06.26.,[팩트체크]공공병원 병상 숫자 OECD 주요국에 비해 적다,머니투데이,https://n.news.naver.com/article/008/0004434494,사실
2020.06.23.,"[팩트체크] 토지거래허가제, 꼼수와 실수요 구분하는 법",한겨레,https://n.news.naver.com/article/008/0004431243,사실
2020.06.23.,[팩트체크] 대출규제 지역에 분양받은 아파트 포기해야 할까요?,한겨레,https://n.news.naver.com/article/028/0002502270,거짓
2020.06.23.,"[팩트체크] 보신탕용으로 키우는 '개 사육장', 불법 아닌가요?",머니투데이,https://n.news.naver.com/article/028/0002502221,논란
2020.06.18.,"[팩트체크]아동학대 방지를 위한 전수조사, 새로운 게 없다?",머니투데이,https://n.news.naver.com/article/008/0004428856,논란
2020.06.14.,[팩트체크] 집주인이 ‘을’ 되는 ‘전세 무한연장법’이다?,한겨레,https://n.news.naver.com/article/008/0004426926,거짓
2020.06.14.,[팩트체크] 집주인이 ‘을’ 되는 ‘전세 무한연장법’이다?,한겨레,https://n.news.naver.com/article/028/0002501133,거짓
2020.05.31.,[팩트체크]메모워치 건강보험 적용…원격의료 시작?,머니투데이,https://n.news.naver.com/article/028/0002501086,거짓
2020.05.23.,[팩트체크]기존 공인인증서 더이상 쓸 수 없다고?,머니투데이,https://n.news.naver.com/article/008/0004417349,사실
2020.05.20.,"[팩트체크]""정의연 쉼터 인근 화장장 추진된 적 없다""",머니투데이,https://n.news.naver.com/article/008/0004413464,거짓
2020.05.08.,[팩트체크]짝수달 임시국회 군사정권 잔재다?,머니투데이,https://n.news.naver.com/article/008/0004411648,거짓
2020.05.05.,"[팩트체크]재난지원금 '지역상품권 깡', 형사처벌 못하는 이유",머니투데이,https://n.news.naver.com/article/008/0004405376,거짓
2020.04.14.,"[팩트체크]'10번' 달고 뛰는 안철수, 선거법 위반이다?",머니투데이,https://n.news.naver.com/article/008/0004403936,거짓
2020.04.10.,"[팩트체크] 군인이 수능 대리시험, 과거 판례로 본 처벌은",머니투데이,https://n.news.naver.com/article/008/0004394083,사실
2020.04.10.,"[팩트체크]""투표용지 접다가 잉크 번지면 무효표"" 사실일까",머니투데이,https://n.news.naver.com/article/008/0004392616,사실
2020.04.08.,[팩트체크]학생증만으로 투표 가능?,머니투데이,https://n.news.naver.com/article/008/0004392384,거짓
2020.04.08.,"[팩트체크]비례정당 선거운동, 이해찬은 되고 황교안은 안 된다?",머니투데이,https://n.news.naver.com/article/008/0004390928,사실
2020.04.04.,[팩트체크] 해열제 먹고 유증상 숨긴 유학생들 형사처벌?,머니투데이,https://n.news.naver.com/article/008/0004390926,거짓
2020.04.02.,"[팩트체크]호기심이나 취재 목적 'n번방' 가입, 처벌될까",머니투데이,https://n.news.naver.com/article/008/0004389219,거짓
2020.03.31.,"[팩트체크]국회의장, 제1당에 배정된 게 아닌 이유는?",머니투데이,https://n.news.naver.com/article/008/0004388368,논란
2020.03.30.,"[팩트체크]n번방 창시자 '갓갓', 청소년이면 신상공개 못 하는 이유?",머니투데이,https://n.news.naver.com/article/008/0004386212,거짓
2020.03.29.,[팩트체크]'제주여행 논란' 유학생 확진자가 중기부 차관 딸?,머니투데이,https://n.news.naver.com/article/008/0004385322,거짓
2020.03.28.,[팩트체크]도쿄올림픽 연기…삼성·LG 日 선점 기회 차질?,머니투데이,https://n.news.naver.com/article/008/0004385253,거짓
2020.03.28.,"[팩트체크]'N번방' 국민 목소리, 법안에 반영됐을까?",머니투데이,https://n.news.naver.com/article/008/0004384911,논란
2020.03.27.,[팩트체크]'민식이법 악법논란' 왜?…사고시 '운전자 과실 99.98%',머니투데이,https://n.news.naver.com/article/008/0004384825,거짓
2020.03.26.,[팩트체크] 조주빈이 협조 안하면 수십억 가상화폐 몰수 못한다?,머니투데이,https://n.news.naver.com/article/008/0004384550,사실
2020.03.24.,[팩트체크]'조국'이 'n번방·박사방' 피의자 신상공개·포토라인 막았다?,머니투데이,https://n.news.naver.com/article/008/0004384114,거짓
2020.03.23.,[팩트체크] 택배 만져도 코로나 감염될까,머니투데이,https://n.news.naver.com/article/008/0004382258,논란
2020.03.22.,[팩트체크]'n번방·박사방'가입자 수만명 처벌 못하는 이유는?,머니투데이,https://n.news.naver.com/article/008/0004381118,논란
2020.01.22.,"“김정숙 여사 지인, 5천억 시세차익” 곽상도 주장 팩트체크 해봤다",한겨레,https://n.news.naver.com/article/008/0004380671,거짓
